Timestamp,AccX,AccY,AccZ,Heart_IR,Phase
0.0016548633575439453,-523,451,1938,120009,0
0.04095029830932617,-506,422,1922,120155,0
0.0820932388305664,-479,424,1927,120264,0
0.12096571922302246,-458,436,1968,120377,0
0.16093921661376953,-443,441,1980,120456,0
0.20120573043823242,-412,432,2004,120498,0
0.24094748497009277,-399,442,2067,120511,0
0.2814319133758545,-352,437,1996,120193,0
0.3199577331542969,-301,449,1952,119502,0
0.3600454330444336,-309,431,1980,119667,0
0.40003418922424316,-283,375,2079,120089,0
0.43993592262268066,-240,306,2100,120279,0
0.480027437210083,-238,196,2167,120336,0
0.5201172828674316,-235,72,2499,120366,0
0.5599343776702881,-134,-35,2702,120350,0
0.6003670692443848,46,-103,2769,120368,0
0.6399476528167725,144,396,2642,120315,0
0.6798865795135498,253,979,1959,120229,0
0.7199125289916992,466,1121,1004,120163,0
0.7600002288818359,311,1060,695,120169,0
0.8001127243041992,308,818,972,120231,0
0.839951753616333,117,548,1512,120297,0
0.8802487850189209,77,306,1888,120219,0
0.9198992252349854,203,96,1902,120112,0
0.9598958492279053,398,-14,2060,120207,0
1.0001106262207031,566,137,2192,120370,0
1.038848638534546,741,194,2086,120496,0
1.0788893699645996,609,348,2069,120554,0
1.1190104484558105,523,347,1999,120601,0
1.1591157913208008,389,366,1951,120623,0
1.1996729373931885,304,437,1996,120672,0
1.2389240264892578,272,462,1925,120731,0
1.278834342956543,227,581,1851,120793,0
1.3188071250915527,247,549,1732,120858,0
1.3588995933532715,190,635,1604,120888,0
1.3988621234893799,159,728,1685,120613,0
1.4388103485107422,41,962,1831,119252,0
1.4787895679473877,24,857,1799,118649,0
1.518716812133789,-48,934,1770,119158,0
1.558793067932129,-163,933,1849,119859,0
1.5989348888397217,-220,1010,1861,120233,0
1.6387341022491455,-231,894,1851,120417,0
1.6787281036376953,-242,919,1800,120533,0
1.718940019607544,-239,928,1790,120596,0
1.757737159729004,-326,889,1794,120672,0
1.7979912757873535,-391,838,1784,120731,0
1.8377578258514404,-319,875,1822,120792,0
1.8777506351470947,-266,977,1804,120847,0
1.9177162647247314,-313,946,1703,120783,0
1.9576928615570068,-467,968,1782,119324,0
1.998000144958496,-572,985,1970,117615,0
2.0376813411712646,-604,952,2058,117298,0
2.077702522277832,-577,908,2027,117803,0
2.1177308559417725,-488,867,2017,118609,0
2.1576921939849854,-370,831,1856,119395,0
2.1983726024627686,-292,736,1691,119816,0
2.2376902103424072,-197,787,1590,119966,0
2.2776808738708496,79,806,1456,120005,0
2.317758321762085,72,711,1347,120104,0
2.3576998710632324,-139,717,1558,120166,0
2.3982110023498535,-117,628,1682,120104,0
2.436734914779663,-599,568,1829,120041,0
2.4766836166381836,-640,661,1569,119872,0
2.516714572906494,-382,539,1315,118049,0
2.556727647781372,-1116,457,1633,116844,0
2.596816301345825,-1190,454,1264,117009,0
2.6367440223693848,-986,271,1167,117705,0
2.6767094135284424,-1508,288,1445,118777,0
2.716665267944336,-1178,275,1137,119479,0
2.756727457046509,-936,154,1284,119626,0
2.796764373779297,-963,-92,1776,119414,0
2.836707592010498,-772,-187,1950,118997,0
2.8767733573913574,-614,-412,2369,118146,0
2.91672682762146,-627,-552,2797,117408,0
2.9567410945892334,-649,-518,2863,116881,0
2.9969522953033447,-556,-511,2812,116623,0
3.0367252826690674,-461,-568,2364,116313,0
3.0768160820007324,-269,-989,1615,115695,0
3.1167521476745605,-118,-1486,1466,115346,0
3.155747175216675,-448,-1967,1855,115353,0
3.1957080364227295,-650,-1728,1923,115320,0
3.2357540130615234,-554,-1574,1797,115247,0
3.2757415771484375,-333,-1748,1268,115214,0
3.3161869049072266,-302,-1838,787,115242,0
3.355713367462158,-406,-1827,700,115192,0
3.3957388401031494,-344,-1784,907,115087,0
3.4357731342315674,-235,-1723,1117,115068,0
3.4757165908813477,-126,-1735,1341,115039,0
3.515686273574829,-158,-1748,1292,115042,0
3.5556893348693848,-305,-1800,956,115036,0
3.595865488052368,-407,-1808,862,114581,0
3.6356775760650635,-444,-1799,859,113986,0
3.6756837368011475,-426,-1799,860,113648,0
3.715784788131714,-403,-1788,957,113567,0
3.755678653717041,-374,-1764,980,113698,0
3.7957050800323486,-356,-1751,974,113871,0
3.835681438446045,-341,-1766,993,113968,0
3.87473201751709,-370,-1781,990,113964,0
3.914811849594116,-364,-1779,989,113882,0
3.954688787460327,-416,-1772,996,113829,0
3.9948158264160156,-371,-1758,969,113811,0
4.034751653671265,-373,-1766,979,113834,0
4.07469916343689,-411,-1755,983,113864,0
4.114870071411133,-428,-1743,993,113784,0
4.154682397842407,-415,-1732,979,113310,0
4.194709539413452,-416,-1743,968,112828,0
4.234679222106934,-422,-1753,995,112619,0
4.27465558052063,-418,-1753,1003,112686,0
4.314992666244507,-412,-1741,1009,112867,0
4.354662656784058,-404,-1742,959,113059,0
4.394719123840332,-414,-1745,979,113174,0
4.434693813323975,-422,-1751,1000,113181,0
4.474671840667725,-420,-1756,993,113243,0
4.5148396492004395,-356,-1776,1059,113380,0
4.55465030670166,-501,-1732,996,113707,0
4.593664169311523,-420,-1749,953,114222,0
4.633663177490234,-347,-1752,1041,114957,0
4.673726558685303,-364,-1729,1064,114827,0
4.713832139968872,-415,-1720,1097,113688,0
4.773634910583496,-399,-1706,1136,113620,0
4.793692588806152,-400,-1671,1108,114155,0
4.8339903354644775,-444,-1638,1207,114924,0
4.873682022094727,-381,-1627,1220,115720,0
4.914188385009766,-363,-1603,1140,116268,0
4.953833818435669,-371,-1600,1149,116325,0
4.993711471557617,-331,-1603,1107,116005,0
5.033687591552734,-334,-1604,1122,115602,0
5.0736799240112305,-317,-1621,1177,115256,0
5.114007472991943,-318,-1609,1222,115156,0
5.15369176864624,-336,-1648,1199,115098,0
5.193692445755005,-346,-1657,1174,114701,0
5.23369026184082,-393,-1667,1148,113679,0
5.273702621459961,-405,-1695,1135,113273,0
5.313775062561035,-456,-1713,1123,113313,0
5.352707624435425,-463,-1727,1096,113561,0
5.392805337905884,-406,-1731,1029,113850,0
5.432637691497803,-352,-1739,997,114026,0
5.472713470458984,-345,-1751,1013,113988,0
5.512695789337158,-328,-1764,1018,113864,0
5.552720546722412,-342,-1759,1039,113779,0
5.592690706253052,-363,-1745,1027,113770,0
5.632661581039429,-366,-1750,998,113782,0
5.672727346420288,-371,-1760,1010,113806,0
5.712737798690796,-391,-1758,993,113693,0
5.753016233444214,-369,-1743,983,113125,0
5.792673110961914,-335,-1745,990,112654,0
5.83290433883667,-349,-1760,1021,112544,0
5.872750759124756,-364,-1765,999,112647,0
5.912699937820435,-350,-1753,998,112813,0
5.952727556228638,-343,-1751,1021,112938,0
5.992807626724243,-357,-1764,991,112947,0
6.0328779220581055,-368,-1760,995,112857,0
6.07175350189209,-359,-1755,1007,112784,0
6.111717224121094,-369,-1747,1018,112782,0
6.151723861694336,-368,-1755,1006,112808,0
6.191734313964844,-378,-1754,997,112877,0
6.231831312179565,-366,-1760,1002,112817,0
6.271698474884033,-365,-1745,1001,112321,0
6.31171441078186,-350,-1745,1007,111842,0
6.351682424545288,-375,-1759,993,111666,0
6.391716241836548,-375,-1759,1008,111723,0
6.431679725646973,-321,-1760,989,111886,0
6.47172212600708,-335,-1745,1001,112005,0
6.511704683303833,-361,-1754,1008,111951,0
6.551750898361206,-372,-1749,1007,111855,0
6.591742515563965,-362,-1757,1015,111749,0
6.631810903549194,-321,-1754,1000,111714,0
6.671728610992432,-345,-1763,1007,111745,0
6.712162971496582,-390,-1752,1004,111824,0
6.751706123352051,-396,-1748,988,111804,0
6.79070782661438,-396,-1748,1015,111358,0
6.831226348876953,-398,-1707,1013,110768,0
6.870729446411133,-428,-1735,1033,110479,0
6.91079044342041,-468,-1723,1035,110563,0
6.95069432258606,-443,-1737,1006,110767,0
6.990709543228149,-439,-1739,968,110920,0
7.030887842178345,-429,-1741,969,110868,0
7.070737838745117,-442,-1764,980,110600,0
7.110747814178467,-384,-1807,984,110164,0
7.150730848312378,-317,-1791,941,109649,0
7.1907799243927,-187,-1829,916,109238,0
7.230821847915649,-217,-1817,1027,108941,0
7.270718336105347,-360,-1765,1087,108749,0
7.310701847076416,-418,-1783,952,108141,0
7.350693941116333,-406,-1770,938,107466,0
7.390706777572632,-432,-1779,937,107288,0
7.431044578552246,-413,-1772,950,107505,0
7.469699382781982,-412,-1744,960,107772,0
7.509812831878662,-444,-1693,1038,107828,0
7.549726486206055,-474,-1695,1059,107731,0
7.589737892150879,-505,-1703,1040,107534,0
7.630305767059326,-503,-1704,1044,107403,0
7.669731616973877,-488,-1715,1039,107336,0
7.709763288497925,-481,-1712,995,107362,0
7.749701023101807,-493,-1710,1009,107302,0
7.789718151092529,-459,-1737,1001,107065,0
7.829835891723633,-435,-1725,991,106391,0
7.8696863651275635,-409,-1717,981,105713,0
7.909749269485474,-409,-1741,1029,105578,0
7.949704885482788,-424,-1721,1012,105775,0
7.989750385284424,-418,-1742,1025,105988,0
8.029805660247803,-438,-1702,1006,106132,0
8.069722890853882,-433,-1729,1000,106109,0
8.109729290008545,-513,-1738,1022,105915,0
8.149714469909668,-468,-1764,1050,105749,0
8.188997507095337,-408,-1731,1010,105817,0
8.228711128234863,-349,-1739,951,106009,0
8.268735647201538,-412,-1751,1000,106054,0
8.30875277519226,-462,-1723,1063,105678,0
8.34903073310852,-427,-1740,1033,104778,0
8.388729095458984,-350,-1761,1000,104369,0
8.42873215675354,-296,-1775,956,104530,0
8.468714475631714,-295,-1766,994,104745,0
8.508715152740479,-351,-1715,999,105043,0
8.54892897605896,-416,-1677,989,105262,0
8.588740110397339,-417,-1725,990,105277,0
8.62873125076294,-463,-1757,1000,105085,0
8.668749570846558,-387,-1775,980,104995,0
8.708726406097412,-344,-1771,941,105041,0
8.748739004135132,-373,-1727,1005,105168,0
8.788757085800171,-435,-1723,1053,105280,0
8.828768014907837,-410,-1756,987,104960,0
8.868703365325928,-378,-1732,1031,104323,0
8.907801389694214,-395,-1764,1018,104230,0
8.948101282119751,-407,-1777,989,104489,0
8.987756729125977,-357,-1769,1004,104770,0
9.027763366699219,-325,-1772,956,104885,0
9.067717790603638,-296,-1787,949,104731,0
9.107731103897095,-290,-1793,965,104431,0
9.1477530002594,-279,-1787,976,104195,0
9.187727451324463,-292,-1786,1001,104186,0
9.22772741317749,-327,-1790,959,104305,0
9.267721891403198,-334,-1780,958,104328,0
9.307763576507568,-351,-1779,987,104205,0
9.347939014434814,-336,-1760,991,103513,0
9.38775110244751,-355,-1746,1006,102913,0
9.42772364616394,-351,-1763,984,102997,0
9.467720746994019,-352,-1773,972,103285,0
9.507756233215332,-338,-1777,996,103535,0
9.547930240631104,-351,-1761,984,103645,0
9.587744235992432,-334,-1764,1004,103537,0
9.626731634140015,-318,-1778,977,103445,0
9.666735887527466,-341,-1764,980,103446,0
9.706733703613281,-350,-1754,1005,103547,0
9.746766567230225,-349,-1756,984,103698,0
9.786745071411133,-356,-1767,973,103817,0
9.826708555221558,-360,-1760,987,103705,0
9.866729974746704,-339,-1743,1004,103092,0
9.90674352645874,-355,-1758,991,102797,0
9.947287559509277,-371,-1764,1006,103002,0
9.98670506477356,-353,-1758,988,103366,0
10.02683401107788,-329,-1752,999,103675,0
10.066721200942993,-343,-1748,996,103786,0
10.106728792190552,-345,-1762,986,103679,0
10.146831750869751,-375,-1762,988,103629,0
10.186755180358887,-363,-1750,1007,103699,0
10.226728200912476,-336,-1766,997,103828,0
10.26686716079712,-331,-1772,979,104046,0
10.30672574043274,-322,-1800,988,104189,0
10.346868753433228,-300,-1771,990,103874,0
10.385773420333862,-324,-1758,1004,103233,0
10.425800085067749,-353,-1770,980,103220,0
10.465710639953613,-341,-1770,984,103697,0
10.505779504776001,-344,-1766,989,104306,0
10.545757532119751,-335,-1763,1014,104791,0
10.585756778717041,-341,-1759,992,104984,0
10.625779390335083,-356,-1774,965,104891,0
10.665743589401245,-346,-1776,991,104879,0
10.70573377609253,-340,-1760,997,105075,0
10.745787620544434,-333,-1785,977,105253,0
10.785744905471802,-337,-1777,978,105387,0
10.826785326004028,-347,-1782,994,105369,0
10.865734815597534,-327,-1758,969,104757,0
10.90577745437622,-325,-1742,989,104181,0
10.945737600326538,-372,-1769,974,104328,0
10.9857497215271,-352,-1768,986,104738,0
11.025756359100342,-333,-1766,1001,105088,0
11.065724849700928,-347,-1763,995,105202,0
11.104752779006958,-326,-1776,972,105041,0
11.144766330718994,-362,-1764,981,104837,0
11.184744119644165,-354,-1765,989,104765,0
11.224733591079712,-341,-1760,998,104768,0
11.26502275466919,-345,-1764,975,104903,0
11.321134328842163,-345,-1767,988,104979,0
11.344780921936035,-366,-1767,994,104818,0
11.384826421737671,-343,-1757,997,104133,0
11.424753189086914,-353,-1753,977,103824,0
11.465425491333008,-367,-1765,989,104065,0
11.504762649536133,-334,-1771,991,104450,0
11.544757843017578,-342,-1770,993,104766,0
11.584719896316528,-342,-1747,990,104765,0
11.624825477600098,-353,-1764,980,104559,0
11.664937734603882,-363,-1779,977,104460,0
11.70477843284607,-357,-1762,1002,104477,0
11.744756698608398,-326,-1759,992,104603,0
11.78477168083191,-360,-1763,989,104755,0
11.824822187423706,-351,-1770,994,104863,0
11.864831447601318,-342,-1770,983,104564,0
11.90379285812378,-352,-1739,998,103865,0
11.9437575340271,-362,-1766,985,103714,0
11.985436916351318,-358,-1767,974,104063,0
12.023756742477417,-336,-1776,996,104416,0
12.06382703781128,-350,-1767,995,104610,0
12.103745698928833,-334,-1768,982,104526,0
12.14373517036438,-346,-1760,979,104342,0
12.183735370635986,-364,-1769,1008,104282,0
12.2237229347229,-348,-1758,993,104344,0
12.264150619506836,-331,-1763,971,104473,0
12.303763151168823,-360,-1764,987,104538,0
12.34376311302185,-350,-1782,982,104561,0
12.383749723434448,-349,-1763,993,104058,0
12.423758745193481,-355,-1756,987,103444,0
12.463941812515259,-353,-1776,984,103510,0
12.503741979598999,-343,-1775,989,103830,0
12.543774604797363,-331,-1763,1011,104178,0
12.583738327026367,-338,-1757,977,104338,0
12.623974561691284,-351,-1769,977,104205,0
12.663748264312744,-338,-1763,991,104097,0
12.702756881713867,-356,-1771,995,104113,0
12.74276351928711,-339,-1757,994,104210,0
12.782772302627563,-337,-1763,976,104322,0
12.822731733322144,-351,-1770,977,104437,0
12.86276364326477,-353,-1786,998,104487,0
12.902733087539673,-331,-1760,978,103920,0
12.942748546600342,-353,-1752,983,103377,0
12.98275089263916,-377,-1772,988,103468,0
13.022841453552246,-317,-1773,986,103772,0
13.062787771224976,-326,-1769,991,104076,0
13.102779150009155,-338,-1754,978,104125,0
13.142766952514648,-333,-1779,974,103958,0
13.182926416397095,-362,-1773,988,103793,0
13.222797870635986,-350,-1761,1001,103804,0
13.262833833694458,-343,-1752,985,103994,0
13.30277681350708,-351,-1770,968,104296,0
13.342778205871582,-349,-1772,978,104512,0
13.382758378982544,-343,-1787,990,104573,0
13.422746419906616,-328,-1746,983,104005,0
13.461782932281494,-352,-1760,978,103421,0
13.50180983543396,-385,-1761,978,103541,0
13.541768312454224,-353,-1773,989,103945,0
13.581920385360718,-354,-1760,1004,104424,0
13.621867656707764,-320,-1762,971,104610,0
13.662339448928833,-339,-1766,976,104491,0
13.701793670654297,-364,-1772,983,104357,0
13.741767883300781,-349,-1772,996,104371,0
13.781768083572388,-350,-1754,981,104466,0
13.821783542633057,-350,-1760,975,104554,0
13.861724138259888,-347,-1762,970,104617,0
13.90178656578064,-348,-1774,1000,104628,0
13.941797971725464,-341,-1755,982,104078,0
13.981785774230957,-356,-1752,984,103416,0
14.021790027618408,-366,-1766,964,103444,0
14.061965942382812,-325,-1775,994,103748,0
14.101788520812988,-344,-1771,987,104072,0
14.141807317733765,-338,-1774,977,104248,0
14.181748390197754,-332,-1762,976,104159,0
14.220783948898315,-351,-1784,967,104006,0
14.260777950286865,-345,-1768,992,103997,0
14.300810098648071,-330,-1766,988,104061,0
14.340792417526245,-322,-1771,979,104151,0
14.381592035293579,-341,-1780,965,104307,0
14.420786619186401,-353,-1773,992,104400,0
14.460785388946533,-355,-1764,982,104059,0
14.500834941864014,-323,-1759,980,103358,0
14.54084587097168,-375,-1770,996,103271,0
14.580981731414795,-331,-1774,973,103625,0
14.620787143707275,-343,-1776,998,103991,0
14.660717010498047,-337,-1765,970,104167,0
14.700791597366333,-324,-1775,971,104071,0
14.740799903869629,-360,-1777,965,103906,0
14.781284093856812,-349,-1773,995,103851,0
14.820884704589844,-338,-1767,986,103912,0
14.860772848129272,-339,-1758,986,104057,0
14.900770425796509,-340,-1780,976,104208,0
14.939784049987793,-348,-1785,981,104331,0
14.97976279258728,-356,-1777,1001,104273,0
15.019790410995483,-310,-1754,970,103622,1
15.059772968292236,-373,-1781,985,103326,1
15.099772453308105,-332,-1773,978,103585,1
15.139793634414673,-322,-1782,994,104001,1
15.179779767990112,-352,-1761,990,104326,1
15.219815015792847,-334,-1765,963,104413,1
15.259779691696167,-355,-1764,974,104255,1
15.299787759780884,-336,-1776,988,104120,1
15.339793682098389,-346,-1767,991,104143,1
15.379856586456299,-334,-1774,981,104240,1
15.419777154922485,-330,-1774,972,104343,1
15.459769010543823,-348,-1779,958,104444,1
15.499755620956421,-353,-1778,994,104478,1
15.539780139923096,-340,-1766,982,104071,1
15.57992959022522,-339,-1758,979,103427,1
15.619766473770142,-333,-1773,975,103405,1
15.658788919448853,-335,-1779,979,103791,1
15.698963165283203,-327,-1771,993,104191,1
15.738843441009521,-328,-1762,978,104435,1
15.778820753097534,-346,-1770,962,104388,1
15.818834066390991,-339,-1766,982,104245,1
15.8588228225708,-344,-1775,987,104229,1
15.898811101913452,-336,-1759,996,104320,1
15.938787460327148,-334,-1766,976,104479,1
15.978793382644653,-325,-1783,969,104609,1
16.018810987472534,-351,-1769,995,104721,1
16.05877661705017,-342,-1789,977,104732,1
16.098789930343628,-322,-1764,980,104123,1
16.138808488845825,-347,-1762,968,103608,1
16.178880214691162,-339,-1780,982,103773,1
16.218815326690674,-333,-1780,987,104203,1
16.25878071784973,-342,-1758,984,104579,1
16.299253463745117,-335,-1772,968,104782,1
16.339248657226562,-323,-1781,971,104752,1
16.378816843032837,-352,-1781,1005,104779,1
16.41785979270935,-351,-1847,1072,105196,1
16.457848072052002,-300,-1875,1108,107069,1
16.498499631881714,-532,-2216,1468,109360,1
16.537795543670654,-858,-2640,2123,110876,1
16.577797412872314,-840,-3454,2666,113066,1
16.617830753326416,-739,-4022,2186,114246,1
16.657825231552124,-1043,-3792,1884,114449,1
16.698097229003906,-1042,-2952,1531,115260,1
16.737800121307373,-1456,-1666,1339,115994,1
16.777848482131958,-1202,-709,1139,116302,1
16.817821979522705,-472,1029,1055,116541,1
16.857808351516724,-639,3985,1267,116558,1
16.898619174957275,-2130,4417,-120,116359,1
16.93780827522278,-162,4255,-2351,116267,1
16.977870225906372,2752,4628,-3979,116288,1
17.017823934555054,5269,-2922,-1880,116108,1
17.057801246643066,-1925,-13055,8861,116424,1
17.098790884017944,-927,-8470,7917,116272,1
17.13780641555786,982,-4356,1048,116273,1
17.176807403564453,2162,-1616,1573,116536,1
17.216806650161743,1010,964,2130,116910,1
17.25676941871643,78,3578,2005,117155,1
17.296878576278687,-1138,8856,530,117174,1
17.336829900741577,1701,8483,-3598,117163,1
17.37686014175415,3220,7454,-3588,117159,1
17.416858196258545,5435,1519,-1232,116911,1
17.45707130432129,1815,-16941,5897,116650,1
17.496965646743774,-3608,-11243,8572,116590,1
17.53683304786682,2464,-4050,2664,117088,1
17.57677459716797,2034,-974,3673,117399,1
17.61678433418274,550,1580,2794,117759,1
17.656802892684937,-503,5374,2193,117971,1
17.696871519088745,533,8267,-368,117924,1
17.736824989318848,-268,8298,-2746,117795,1
17.77683925628662,2410,6694,-1471,117685,1
17.81684136390686,5660,-93,1586,116359,1
17.856844425201416,3497,-17289,5769,116269,1
17.9109468460083,-4994,-8057,4065,116283,1
17.935819387435913,4762,-5751,3169,116668,1
17.9758517742157,1740,-2342,4706,117083,1
18.01587414741516,1051,-346,4292,117548,1
18.05590295791626,-51,2781,3055,117945,1
18.095857620239258,483,6931,202,117994,1
18.13583517074585,1122,7135,-2928,117838,1
18.17586588859558,3376,5956,-2450,118031,1
18.216003894805908,2720,3889,1585,117946,1
18.255816221237183,6316,-4987,2590,116988,1
18.295917510986328,132,-11063,7221,116517,1
18.335819482803345,-1662,-6104,3846,115480,1
18.375848293304443,2881,-4086,2877,114823,1
18.41590690612793,1661,-2382,3927,114734,1
18.455803155899048,743,-272,3161,116031,1
18.49583888053894,-153,1767,2811,117076,1
18.535810947418213,159,6620,1962,117300,1
18.575828075408936,1855,7402,-1268,117312,1
18.61581826210022,2232,6700,-2604,117493,1
18.654826641082764,2260,4323,-237,117526,1
18.69486975669861,3622,-1254,1785,116700,1
18.734865427017212,3241,-13469,4856,116823,1
18.774821996688843,-2744,-7676,5781,116540,1
18.815640687942505,2738,-4972,2826,114299,1
18.854836463928223,1860,-3061,3627,113334,1
18.894824981689453,1722,-1059,3115,114673,1
18.934845685958862,1219,3197,2871,116715,1
18.974812984466553,-732,9410,1792,117135,1
19.01495909690857,1065,9210,-2885,117317,1
19.054827451705933,3865,5713,-2981,117599,1
19.094961643218994,4560,15,957,117076,1
19.1348717212677,4264,-13769,4565,115705,1
19.17488384246826,-3739,-7649,7263,113912,1
19.214993715286255,2238,-5352,3684,113177,1
19.25482726097107,1409,-2001,3595,112513,1
19.294833183288574,1187,-372,3138,112965,1
19.334816694259644,-719,1717,3343,113777,1
19.37384271621704,-339,6220,2746,115592,1
19.414314031600952,953,7517,297,116967,1
19.45382523536682,3266,6142,-720,117712,1
19.493875741958618,2531,3812,1145,118000,1
19.53383183479309,2990,-2125,2530,116925,1
19.573981285095215,-2873,-10978,6586,114782,1
19.614340782165527,919,-6989,6715,112712,1
19.653812408447266,2163,-3371,3730,112634,1
19.693796396255493,2632,-1018,2303,114312,1
19.73380208015442,1551,1214,2423,116519,1
19.77383828163147,1134,8018,806,117417,1
19.81381583213806,4447,7895,-389,117492,1
19.8538556098938,-548,6049,-2158,117605,1
19.893843173980713,1296,3980,-1873,117649,1
19.93384623527527,3703,-509,-945,116832,1
19.973905324935913,1230,-12537,4029,114179,1
20.013854503631592,-2360,-5319,6501,111445,1
20.05394959449768,3177,-4275,3392,111784,1
20.093854904174805,930,-2215,4256,112438,1
20.132945775985718,147,-947,3958,113286,1
20.172824144363403,-75,-119,4297,114525,1
20.212822437286377,976,2947,3520,116663,1
20.252841472625732,3365,5610,1687,117522,1
20.292861223220825,5343,6008,614,117774,1
20.332918882369995,3917,4191,214,117942,1
20.372825622558594,3857,534,1467,117423,1
20.41285991668701,4596,-12883,3016,116968,1
20.45289397239685,-3976,-6247,4636,114034,1
20.492843627929688,2766,-5191,5000,111504,1
20.53285264968872,1726,-2902,4232,112079,1
20.572869300842285,1034,-1169,3215,113081,1
20.612786293029785,241,650,2509,114793,1
20.652884006500244,-888,3615,2707,116732,1
20.6929714679718,-397,5253,1720,117347,1
20.73285984992981,-176,8984,-1246,117660,1
20.772863388061523,3569,6740,-2106,117858,1
20.812872886657715,2647,4790,-560,117281,1
20.851916313171387,7276,-10998,1135,116659,1
20.891849040985107,-2599,-11703,8920,114798,1
20.931885480880737,2208,-5585,5852,112752,1
20.97183918952942,1734,-2783,2752,112413,1
21.01185655593872,2402,-742,2259,113006,1
21.052039861679077,835,1261,3305,114500,1
21.09188151359558,540,5050,2254,116827,1
21.132089376449585,1183,8609,2057,117389,1
21.171843767166138,365,6716,-1430,117662,1
21.211820125579834,2521,5962,-814,117960,1
21.252740144729614,4457,275,1510,117221,1
21.292036771774292,2342,-14766,4303,116236,1
21.331867694854736,-6537,-5289,8028,112523,1
21.371917009353638,4736,-5260,5408,112398,1
21.411938905715942,2056,-1930,3563,113249,1
21.45202112197876,1925,-479,2878,115024,1
21.491885900497437,1055,1157,3067,116608,1
21.531862020492554,1141,4155,1553,117088,1
21.5709285736084,-194,7331,-1622,117672,1
21.61089539527893,-1015,6663,-4963,117978,1
21.650848388671875,311,4998,-4080,118002,1
21.690813541412354,2600,2408,-136,116786,1
21.731460094451904,2438,-18156,2665,116656,1
21.770965814590454,-3773,-7695,10117,114986,1
21.810858011245728,4446,-5366,1693,116148,1
21.850800275802612,2080,-2069,2808,116487,1
21.890844106674194,2555,-651,2315,116917,1
21.931028127670288,1146,1989,2788,117289,1
21.97087597846985,1331,4861,2876,117478,1
22.010803699493408,790,5585,1419,117678,1
22.05082941055298,205,6142,-540,117970,1
22.090816020965576,2685,7099,91,118078,1
22.131056308746338,4486,3295,2402,117035,1
22.170881986618042,3908,-18099,2533,116422,1
22.21085262298584,-2408,-10854,8900,113672,1
22.2510347366333,2613,-5155,2652,114131,1
22.28984045982361,2376,-2477,2129,113858,1
22.32987070083618,1334,-309,2492,114249,1
22.36988091468811,859,1339,3124,115870,1
22.410099029541016,606,6065,2898,117790,1
22.449866771697998,-92,7746,1418,118534,1
22.489956617355347,-412,7279,-953,118880,1
22.529956340789795,2147,6090,-1432,119170,1
22.569887161254883,6064,-4068,1240,117558,1
22.609897136688232,-83,-10799,7002,117175,1
22.649974822998047,-2747,-4426,7954,114827,1
22.689892053604126,3423,-3283,3706,113239,1
22.729961395263672,2592,-1673,2979,113393,1
22.76987314224243,1574,236,3078,114215,1
22.80984330177307,947,1786,2718,115860,1
22.84981083869934,1304,4563,1746,117790,1
22.88989281654358,1655,6627,1427,118222,1
22.92983889579773,194,6909,540,118510,1
22.96984362602234,1125,4848,844,118886,1
23.009914875030518,2403,2991,2379,118615,1
23.04885482788086,5937,-13219,3661,117300,1
23.088899612426758,-1298,-8738,4386,115943,1
23.128846645355225,-1312,-4380,5226,113898,1
23.168859481811523,4344,-4521,3798,113288,1
23.208975315093994,1879,-1978,3399,113771,1
23.2489595413208,2116,-138,2541,114820,1
23.288957118988037,1584,3480,1912,116516,1
23.32890009880066,1503,5587,3071,118176,1
23.36904764175415,-899,7379,2379,118803,1
23.40885019302368,-716,6628,187,119329,1
23.448898553848267,2173,4955,924,119592,1
23.48887586593628,5573,-10083,3106,117747,1
23.528897285461426,497,-8819,5715,116047,1
23.568927764892578,-1707,-3751,6844,113746,1
23.60888171195984,3686,-3934,4319,113605,1
23.64892816543579,1824,-1714,3494,114205,1
23.688855171203613,1452,-245,2852,115283,1
23.728864192962646,1194,1883,2427,117110,1
23.767871618270874,1438,4587,2470,118172,1
23.807922840118408,-93,6994,955,118708,1
23.848573684692383,147,6228,-389,119058,1
23.88786506652832,1500,5924,-391,119336,1
23.927892684936523,5301,-627,2413,117631,1
23.967891931533813,1753,-13658,3875,116908,1
24.00800061225891,-7060,-2362,6857,115294,1
24.048452615737915,6241,-7084,5968,114129,1
24.087903022766113,2688,-3133,2343,113864,1
24.12789273262024,2047,-1552,2404,114317,1
24.167872190475464,2006,-199,2824,115280,1
24.207916975021362,939,2216,2392,117271,1
24.248446464538574,1398,5408,2025,117881,1
24.28791880607605,752,7953,1615,118224,1
24.327877044677734,1235,5877,656,118650,1
24.36784052848816,1750,5626,2369,119002,1
24.40787959098816,4865,-1002,2099,117503,1
24.4485285282135,-1478,-15777,3969,115962,1
24.48810911178589,-5878,-3441,7479,112942,1
24.527103900909424,5486,-6239,5439,113185,1
24.566924333572388,2855,-2639,2284,113834,1
24.606879711151123,2720,-973,2521,114474,1
24.646852731704712,2490,637,2209,116165,1
24.68685555458069,1408,4038,1973,117455,1
24.726911067962646,1503,7791,773,117905,1
24.766889810562134,1106,6265,-1034,118310,1
24.806892156600952,1006,4973,-571,118611,1
24.846879959106445,1409,4544,1500,118716,1
24.886905431747437,5061,-4234,3084,117403,1
24.92692756652832,-1372,-10099,5096,116362,1
24.96689510345459,-2863,-4827,5822,113003,1
25.006933450698853,4043,-4667,3595,113163,1
25.046914100646973,2040,-2379,2991,113532,1
25.087072134017944,1895,-1159,2858,114326,1
25.126853227615356,1715,1017,2383,116111,1
25.167099952697754,2182,3383,2409,117108,1
25.206881761550903,1923,6927,3862,117533,1
25.245848655700684,948,5592,1725,117996,1
25.28586435317993,1801,4653,526,118465,1
25.32587766647339,3723,1968,2544,117926,1
25.36596131324768,3934,-17664,2740,117017,1
25.40633535385132,-3725,-6745,5432,115446,1
25.44586706161499,5134,-4545,4644,113492,1
25.485909461975098,2532,-2203,3665,113634,1
25.52588939666748,2277,-1362,2475,114114,1
25.566142797470093,1524,283,2444,114928,1
25.605854511260986,791,2664,1806,116845,1
25.645931482315063,16,5970,2069,117506,1
25.6859130859375,-2154,7104,1001,118000,1
25.725892305374146,-246,6220,-828,118396,1
25.766053199768066,2209,3491,826,119034,1
25.80592656135559,5770,-15800,4575,117682,1
25.845913887023926,957,-6774,7781,116275,1
25.885959148406982,-783,-4375,5138,114887,1
25.92591166496277,3763,-3429,4517,114284,1
25.965959310531616,1334,-1624,3140,114177,1
26.004903554916382,1653,-875,2447,114304,1
26.04492163658142,1339,600,2776,114780,1
26.084859132766724,1833,2704,1765,115946,1
26.124887228012085,1388,5777,1783,116680,1
26.165235996246338,333,6585,1148,117314,1
26.20485019683838,1647,4561,160,117666,1
26.244908809661865,2435,4578,1696,118082,1
26.285030364990234,5219,-207,3682,118149,1
26.324918746948242,-1210,-15517,4337,117628,1
26.36492681503296,-149,-5818,6021,114791,1
26.404878854751587,2681,-3318,4432,114485,1
26.444900512695312,2256,-2286,2401,114452,1
26.484901905059814,1796,-1140,2338,114503,1
26.5248761177063,1424,206,2203,114603,1
26.565603017807007,1052,1462,2508,115124,1
26.604886531829834,1180,3076,2123,116292,1
26.644890785217285,441,5257,2456,117141,1
26.684874773025513,-199,5001,1203,117846,1
26.723860263824463,1524,4502,-41,118458,1
26.763924837112427,2172,3478,814,118851,1
26.803896188735962,4322,-3874,2181,117880,1
26.843915224075317,-727,-10183,4091,116493,1
26.884092569351196,-1299,-3533,5893,114634,1
26.92391872406006,3334,-2662,3792,114462,1
26.96452784538269,2028,-1538,2921,114629,1
27.003895044326782,1601,-770,3070,114989,1
27.043862104415894,1219,250,2762,115501,1
27.084113836288452,1305,2206,1921,116606,1
27.123887538909912,1308,4144,2337,117634,1
27.164195775985718,-579,5304,1581,118256,1
27.203883171081543,1,4308,-345,118874,1
27.243919134140015,2666,4024,255,120237,1
27.28386878967285,5509,-10263,3498,118785,1
27.32391858100891,-1284,-4108,3764,116730,1
27.364541053771973,-811,-2403,5195,115332,1
27.40399193763733,3546,-2950,3544,115214,1
27.443947553634644,1294,-1710,2780,115417,1
27.48288607597351,783,-937,2454,115983,1
27.52289581298828,614,155,3011,117031,1
27.562912225723267,469,1387,2542,117549,1
27.602915287017822,145,2674,2098,117464,1
27.642882823944092,644,4781,1873,117548,1
27.68298053741455,996,4608,1107,117723,1
27.72291851043701,1019,4152,642,117975,1
27.762901544570923,1821,3329,1651,118817,1
27.80289626121521,4166,-1694,3349,119154,1
27.84294056892395,-253,-11452,4349,117837,1
27.88296675682068,388,-4412,5800,115444,1
27.922927856445312,839,-2128,3854,114984,1
27.96291756629944,1909,-1534,2278,114938,1
28.00291395187378,1014,-604,1373,115043,1
28.042909622192383,1344,-106,1387,115310,1
28.082908630371094,504,121,1678,115702,1
28.122984409332275,-166,484,2730,116227,1
28.162895917892456,27,214,2723,116634,1
28.20189118385315,-695,1138,3667,116082,1
28.241897106170654,-59,1385,3886,116211,1
28.28202176094055,155,1705,2802,117060,1
28.321876764297485,78,1867,1704,117585,1
28.36188769340515,209,1833,865,117623,1
28.401936054229736,-65,2602,543,117729,1
28.441994428634644,-17,2833,491,117993,1
28.48211669921875,777,2570,365,118233,1
28.52190065383911,1303,782,1272,118791,1
28.561917304992676,2285,-3443,2598,118846,1
28.60196828842163,1363,-8519,3471,116891,1
28.641974687576294,-1953,-2887,5122,114902,1
28.68194007873535,984,-3013,2740,114457,1
28.7218918800354,1511,-1864,2085,114096,1
28.761879205703735,452,-708,2135,114127,1
28.80190372467041,548,-71,1495,114807,1
28.84192705154419,43,774,1735,115952,1
28.881978750228882,-179,1047,1630,116715,1
28.922457218170166,70,1682,1393,117042,1
28.960893869400024,-17,1967,1864,117253,1
29.000856399536133,33,2880,1930,117454,1
29.041082859039307,562,2961,1635,117675,1
29.080912590026855,639,3007,1584,117952,1
29.120929718017578,580,2607,1409,118148,1
29.161001682281494,703,2007,1262,118269,1
29.20090079307556,1475,434,1255,118477,1
29.240968465805054,2412,-1424,2012,119129,1
29.281496286392212,2417,-8241,3380,117040,1
29.321144342422485,-848,-4643,3002,114698,1
29.361120223999023,-914,-3031,3592,114099,1
29.400916576385498,2324,-3775,2412,114043,1
29.440945625305176,525,-2007,2828,114194,1
29.480907201766968,607,-1105,2126,115029,1
29.520935535430908,483,395,1615,116185,1
29.56100559234619,-165,1636,1617,116672,1
29.600871086120605,208,2776,1665,117023,1
29.641074657440186,294,3502,1786,117306,1
29.68217658996582,58,4751,1546,117696,1
29.71995186805725,1021,4120,1126,117928,1
29.759894132614136,235,2928,1000,118145,1
29.799983739852905,594,1790,1452,118305,1
29.839885711669922,2011,62,1300,118364,1
29.879899978637695,2413,-3728,1487,117109,1
29.9199161529541,2856,-8309,3110,114941,1
29.960543155670166,-1614,-3963,4425,114026,1
30.00008201599121,652,-4072,3008,113869,1
30.039944887161255,1950,-3371,2171,113788,1
30.080740690231323,549,-1461,2828,113926,1
30.120006561279297,1181,-429,1894,114781,1
30.1599600315094,400,1036,2250,115971,1
30.199963808059692,325,1956,2165,116809,1
30.239893436431885,227,2689,1588,117287,1
30.279959440231323,887,4666,839,117673,1
30.319971084594727,2107,4356,29,118007,1
30.359887838363647,1286,3714,75,118235,1
30.399893045425415,762,3159,694,118450,1
30.43904209136963,1271,1259,549,118669,1
30.478954315185547,1619,-2248,1303,117802,1
30.51897168159485,2414,-8183,2733,116675,1
30.55899453163147,72,-5661,4611,114670,1
30.599141597747803,384,-3776,3459,114168,1
30.638959407806396,2058,-2801,2231,114213,1
30.678930521011353,835,-1012,2844,114687,1
30.71897554397583,1152,-245,2052,115924,1
30.758934497833252,619,826,2229,116899,1
30.79945468902588,289,2371,1919,117397,1
30.838937997817993,958,3445,1548,117640,1
30.878933668136597,1295,4006,1086,117815,1
30.91890788078308,472,3152,538,118002,1
30.95889401435852,63,2816,827,118180,1
30.999317169189453,215,2238,1284,118318,1
31.039006233215332,512,1696,1567,118474,1
31.078956127166748,1070,-390,1775,118550,1
31.118967294692993,735,-6408,2698,117782,1
31.158963680267334,-149,-5002,4484,115608,1
31.198261737823486,-1833,-2733,5877,114404,1
31.23797297477722,1622,-4559,2028,114411,1
31.27794623374939,583,-2184,2278,114303,1
31.335440635681152,1136,-553,1753,115252,1
31.357903003692627,1120,643,1494,116419,1
31.39872121810913,652,2695,1971,116985,1
31.437987565994263,1140,2976,1870,117400,1
31.47797679901123,686,4015,2265,117693,1
31.517961502075195,969,3803,1769,117845,1
31.55794358253479,1109,2906,1035,117916,1
31.598389863967896,628,2658,900,118107,1
31.637927293777466,851,1473,1571,118284,1
31.677934169769287,2502,-1753,975,118360,1
31.718271493911743,1298,-5141,2693,117918,1
31.75795602798462,2156,-5833,3732,115555,1
31.79905366897583,-1534,-2858,4309,114125,1
31.837963819503784,1371,-3718,2621,114046,1
31.877942323684692,900,-2246,2623,114083,1
31.917943477630615,626,-664,2591,114229,1
31.957919120788574,653,506,2039,114582,1
31.99695372581482,-192,1796,2147,115310,1
32.03694295883179,394,2823,1848,116683,1
32.07694101333618,725,3756,2054,117309,1
32.1170699596405,768,3805,1884,117621,1
32.15695333480835,470,2985,1018,117936,1
32.19697070121765,305,2690,795,118161,1
32.236952781677246,141,2306,840,118344,1
32.27691125869751,116,1643,1108,118688,1
32.31718349456787,1441,-976,1679,118622,1
32.35697555541992,1438,-5663,2417,118050,1
32.3969841003418,877,-4645,4474,115670,1
32.437023401260376,-1192,-2487,4526,114335,1
32.47697353363037,1625,-3672,2518,113787,1
32.51754879951477,1123,-2213,2466,113510,1
32.556950092315674,1196,-802,2143,113886,1
32.59695911407471,717,609,2214,114948,1
32.63691973686218,332,1982,2174,116281,1
32.67697477340698,838,3400,1969,116837,1
32.71692967414856,1194,3995,2507,117160,1
32.75599932670593,519,3948,1621,117379,1
32.79602313041687,678,2986,691,117656,1
32.835933685302734,568,2581,869,117955,1
32.8759491443634,490,1981,1062,118273,1
32.916085958480835,1227,652,1178,118651,1
32.955955028533936,1510,-2311,1899,118482,1
32.995967864990234,2091,-6745,2961,116307,1
33.03592896461487,24,-3695,5208,113900,1
33.075960874557495,-176,-3036,3358,113430,1
33.116161823272705,2035,-3048,2559,113281,1
33.15597367286682,699,-1283,2441,113414,1
33.19593143463135,963,-326,1715,114182,1
33.2359881401062,105,986,2596,115249,1
33.27599859237671,25,2137,2645,116239,1
33.31624698638916,281,3140,2779,116723,1
33.35592722892761,812,3681,2302,116972,1
33.39595699310303,538,3635,1032,117235,1
33.43597435951233,763,3089,729,117546,1
33.47511672973633,613,3246,895,117805,1
33.51525640487671,545,2175,600,118056,1
33.554930210113525,1525,858,1343,117811,1
33.59496855735779,2750,-2919,1466,116876,1
33.635030031204224,2032,-6370,3611,114567,1
33.67501735687256,1488,-4040,5567,113525,1
33.715086221694946,-911,-2556,3851,113118,1
33.754945039749146,2217,-3502,1853,112972,1
33.794957876205444,667,-1484,2395,112982,1
33.8349347114563,879,-429,2070,113560,1
33.875118017196655,670,846,2677,114547,1
33.91519284248352,219,2239,2715,115631,1
33.95496082305908,432,2949,2890,116228,1
33.994966983795166,1363,3912,3170,116631,1
34.03498673439026,1018,3365,2313,116837,1
34.07494068145752,40,2590,1567,117057,1
34.11537528038025,68,2226,1586,117265,1
34.154951095581055,136,1486,1340,117524,1
34.19392204284668,760,181,1948,117584,1
34.233962535858154,2019,-3454,1892,117040,1
34.27397084236145,899,-5966,2524,115621,1
34.313952922821045,-60,-3922,4412,113853,1
34.35398197174072,-180,-3300,3196,113610,1
34.393958568573,1259,-3103,2377,113535,1
34.43391799926758,825,-1630,2389,113668,1
34.47398805618286,1142,-722,2288,114210,1
34.514026403427124,137,918,2517,115209,1
34.554041624069214,310,2170,1990,116087,1
34.59398698806763,-39,3737,2694,116497,1
34.63395643234253,470,4693,1803,116756,1
34.67396402359009,2171,3188,650,117033,1
34.71401762962341,189,3030,1438,117266,1
34.75397443771362,323,2423,1670,117413,1
34.793978452682495,894,2090,1721,117518,1
34.834017276763916,995,960,1645,117716,1
34.87394714355469,1321,-796,1498,117907,1
34.912983655929565,1705,-5559,2623,116918,1
34.95297908782959,1486,-5574,3328,114755,1
34.99301838874817,-925,-2764,4723,113683,1
35.03297281265259,913,-3378,3112,113184,1
35.07303166389465,1062,-2510,1858,112726,1
35.11298727989197,1027,-864,1882,112561,1
35.15293622016907,880,555,1539,113033,1
35.19295930862427,322,1842,1778,114253,1
35.23297953605652,373,2568,1922,115419,1
35.272955894470215,139,3674,3116,116091,1
35.312973976135254,2195,3540,1996,116429,1
35.35297179222107,1455,2476,809,116648,1
35.392988443374634,-130,2443,1052,116913,1
35.4330952167511,-39,2243,1560,117142,1
35.4729380607605,294,1931,1732,117300,1
35.51296019554138,628,1430,1348,117465,1
35.55297660827637,1042,90,963,117529,1
35.59315800666809,717,-2025,2053,115342,1
35.63208270072937,1593,-5861,3049,113561,1
35.67201328277588,-873,-2299,4115,113488,1
35.71212124824524,-1466,-1433,4573,112781,1
35.75214433670044,1578,-3073,2285,112455,1
35.79197573661804,197,-1998,1859,112611,1
35.832226037979126,708,-1238,1781,112719,1
35.87193965911865,1199,51,2067,113200,1
35.91197085380554,609,1608,2602,114251,1
35.95196557044983,782,2635,2523,115078,1
35.992005825042725,1062,3539,2855,115624,1
36.032124280929565,1587,3746,2751,115907,1
36.0720796585083,820,3068,1570,116074,1
36.111995697021484,279,2544,1128,116264,1
36.15200757980347,207,2748,1288,116455,1
36.1920166015625,821,1780,777,116656,1
36.232314348220825,906,-104,1249,116658,1
36.27199339866638,1962,-4206,2001,115702,1
36.311991930007935,621,-5853,3086,113845,1
36.35108423233032,-1082,-3341,4664,112724,1
36.391045808792114,1236,-3456,3096,112542,1
36.431177377700806,980,-2177,2461,112583,1
36.47101092338562,1007,-1233,2189,112954,1
36.510990858078,944,369,1851,114096,1
36.55117201805115,224,1746,2322,115137,1
36.591026067733765,222,3203,2551,115685,1
36.63110089302063,513,3695,2543,116030,1
36.670979499816895,675,3739,1994,116251,1
36.71096062660217,370,3039,1247,116442,1
36.751121282577515,182,2819,1139,116564,1
36.79100728034973,72,2496,1303,116679,1
36.831122636795044,765,2168,1122,116885,1
36.87100529670715,1373,317,1626,117127,1
36.91105532646179,1366,-3959,1701,116423,1
36.95093822479248,502,-7628,4154,113596,1
36.99099946022034,-1298,-3438,4506,112502,1
37.03124189376831,2094,-3792,1831,112412,1
37.070024490356445,1181,-1677,2041,112552,1
37.11001992225647,1326,-445,2464,112830,1
37.1500301361084,874,714,2645,113325,1
37.1899778842926,420,2864,2867,114561,1
37.23005771636963,513,3689,2749,115481,1
37.27001476287842,-83,4293,2591,115948,1
37.310004234313965,-85,3309,1774,116330,1
37.35022711753845,129,2492,1259,116781,1
37.38999271392822,240,1799,1268,117156,1
37.42995548248291,456,747,1775,117685,1
37.470006227493286,1497,-3052,2095,116896,1
37.509992599487305,1083,-7311,2600,115051,1
37.55005979537964,-1048,-3333,4245,113156,1
37.590009689331055,1029,-3230,3427,112695,1
37.630011320114136,1716,-2200,2896,112322,1
37.66999268531799,926,-1108,2213,111843,1
37.70998573303223,1063,-258,1846,111921,1
37.7499840259552,217,1125,2339,112469,1
37.789998292922974,275,1961,2318,113756,1
37.82896423339844,227,2912,2707,114851,1
37.8689911365509,476,3524,3064,115337,1
37.908960819244385,49,3551,2253,115666,1
37.94898962974548,-203,2656,1119,115984,1
37.98898100852966,-89,2370,1174,116370,1
38.02899146080017,493,2153,1450,116655,1
38.09538531303406,961,617,1166,116866,1
38.10902953147888,1439,-2626,1856,116726,1
38.14900279045105,574,-6116,2736,115660,1
38.18899607658386,-716,-2975,6308,113646,1
38.22901201248169,453,-3728,3378,112571,1
38.26904773712158,1514,-2954,1959,112343,1
38.309009313583374,793,-1339,2491,112454,1
38.349992990493774,1385,-451,2114,112946,1
38.38898205757141,717,1228,2915,113764,1
38.429054975509644,829,2374,2421,114777,1
38.46901845932007,850,3127,2716,115343,1
38.509095191955566,1163,3890,2441,115739,1
38.54813098907471,1399,3078,1249,115987,1
38.588019371032715,420,2695,627,116134,1
38.62809181213379,369,2504,816,116282,1
38.66802930831909,559,2194,1321,116490,1
38.70806288719177,1293,1006,1244,116828,1
38.748228549957275,1891,-1940,1726,116690,1
38.78799271583557,2062,-7004,2685,114539,1
38.82807946205139,-1039,-3850,4747,112642,1
38.86801481246948,-319,-2784,2794,112474,1
38.90802502632141,1755,-2728,1849,112619,1
38.94858932495117,1049,-1238,2139,112890,1
38.988017320632935,1361,-355,2103,113566,1
39.02801752090454,933,636,2237,114484,1
39.06800651550293,498,1896,2492,115268,1
39.108001470565796,266,2865,2753,115671,1
39.14829111099243,1454,3965,2191,116205,1
39.18800401687622,1719,3714,2292,116567,1
39.228046894073486,478,3043,1314,116547,1
39.267987966537476,475,2401,702,116621,1
39.307026624679565,654,2001,799,116780,1
39.34698796272278,1094,593,1021,116974,1
39.38702917098999,893,-1586,2382,116142,1
39.42700910568237,839,-6582,3132,114525,1
39.46704125404358,-1060,-3449,6035,112912,1
39.5070104598999,453,-2835,3048,112529,1
39.54706525802612,1417,-2118,2449,112639,1
39.58701038360596,1079,-1074,2083,113007,1
39.627031564712524,1241,-392,2144,113667,1
39.66700863838196,700,431,2909,114274,1
39.70700812339783,709,1787,2687,115155,1
39.74699902534485,788,2547,2463,115615,1
39.78700518608093,874,3230,2332,116050,1
39.826995611190796,889,3426,2207,116257,1
39.866982221603394,519,2600,1347,116441,1
39.90698552131653,269,2176,1064,116667,1
39.94703030586243,372,1926,1529,116919,1
39.98699903488159,798,1237,1478,117220,1
40.02600407600403,1794,-806,1749,117401,1
40.06605076789856,1430,-3476,2602,116269,1
40.10603189468384,636,-4534,3833,113921,1
40.14604640007019,-181,-2691,4560,112935,1
40.186033964157104,488,-2286,2326,112877,1
40.22601938247681,781,-1508,2423,112993,1
40.2666494846344,304,-585,2342,113170,1
40.30600094795227,387,25,2539,113150,1
40.346009254455566,-422,1069,2698,113241,1
40.386006116867065,-404,1745,2347,113855,1
40.42598795890808,119,2591,2108,114928,1
40.46620559692383,381,2945,2044,115529,1
40.50601768493652,447,3044,1476,115873,1
40.54600405693054,68,2640,707,116106,1
40.58600664138794,-103,2449,198,116296,1
40.626001596450806,33,2398,-137,116553,1
40.666404247283936,959,1979,415,117002,1
40.706021308898926,2585,-1779,2303,117312,1
40.745052337646484,1198,-8203,4102,115599,1
40.785085678100586,-2630,-2673,4713,113501,1
40.825047731399536,522,-3844,3055,112608,1
40.86521124839783,2320,-2977,3482,111894,1
40.905046701431274,1090,-1863,2836,111632,1
40.9456901550293,1270,-1244,2886,111727,1
40.985023975372314,509,-64,2871,112132,1
41.02500534057617,157,695,2525,113174,1
41.065173387527466,-41,1627,2100,114312,1
41.10505032539368,-253,2712,2305,114870,1
41.145049810409546,205,3383,2385,115353,1
41.18502593040466,1325,3380,1944,115622,1
41.22502303123474,815,2675,1275,115779,1
41.26538968086243,791,2773,1115,116082,1
41.30504012107849,988,2274,1538,116362,1
41.345017433166504,1272,1146,1363,116568,1
41.38501811027527,1769,-1629,1903,116622,1
41.425246477127075,351,-7174,3094,114440,1
41.464513301849365,112,-4054,5553,112461,1
41.50405192375183,-1258,-2393,4437,112001,1
41.54407334327698,1511,-2990,2621,111948,1
41.58427596092224,717,-1497,1914,112211,1
41.624019145965576,969,-446,1810,112789,1
41.66415739059448,564,487,2320,113415,1
41.70398926734924,89,1181,2498,114249,1
41.7440767288208,154,1802,2564,115316,1
41.78404879570007,461,2402,2797,116055,1
41.82400965690613,762,2894,2811,116357,1
41.86416482925415,975,2975,2034,116393,1
41.90402364730835,832,2681,1025,116426,1
41.94425439834595,310,2367,800,116533,1
41.98420786857605,99,2160,1220,116618,1
42.02407431602478,812,1247,1053,116801,1
42.06414318084717,1289,-768,1540,116997,1
42.10411238670349,1101,-4751,2531,116729,1
42.14415669441223,-402,-4466,5572,114614,1
42.183075189590454,106,-2841,4148,113226,1
42.223047733306885,865,-2261,2574,113114,1
42.263065576553345,840,-1345,2161,113351,1
42.303049087524414,852,-625,2024,113924,1
42.343039989471436,466,473,2385,114810,1
42.38304781913757,316,1142,2653,115636,1
42.423015117645264,139,2485,2578,116080,1
42.46303129196167,410,2810,2723,116458,1
42.503047704696655,894,2846,2277,116719,1
42.54310417175293,766,2790,1919,116906,1
42.583059787750244,217,2251,1331,117028,1
42.62304711341858,-9,2051,1377,117335,1
42.66305494308472,103,1783,1726,117573,1
42.70304894447327,948,829,1504,117701,1
42.74315428733826,1218,-918,1432,117865,1
42.7831974029541,534,-5268,3053,117057,1
42.82311272621155,-2368,-2251,5612,115101,1
42.86309289932251,840,-2015,3634,114239,1
42.903080224990845,1295,-1850,1708,114243,1
42.942063331604004,1085,-1159,1599,114042,1
42.98223638534546,1478,-751,1777,113698,1
43.02212905883789,1334,-338,2563,113520,1
43.06222939491272,749,317,2734,113821,1
43.10205841064453,880,1160,2507,114795,1
43.142075300216675,744,2060,2612,115604,1
43.18261647224426,333,3454,2852,116079,1
43.22208118438721,2184,3164,2057,116416,1
43.26208424568176,1126,2647,1195,116636,1
43.302034854888916,782,2537,1410,116892,1
43.342045068740845,1015,2186,1597,117104,1
43.383060932159424,1595,1254,1334,117669,1
43.42203760147095,1515,-1193,1680,118361,1
43.46204686164856,1993,-7780,2571,117066,1
43.502060651779175,-691,-3738,3924,115431,1
43.54222345352173,-2135,-1328,4756,113022,1
43.58239436149597,1839,-3138,2819,112173,1
43.62207770347595,910,-1722,2149,112013,1
43.66204380989075,720,-551,1796,112263,1
43.70202898979187,1020,178,1768,112979,1
43.74107766151428,532,1065,2307,113755,1
43.78112292289734,69,1827,2260,114783,1
43.82111358642578,-154,2335,2451,115409,1
43.861104249954224,629,3134,2242,115791,1
43.90104341506958,1617,3089,1428,116104,1
43.94107794761658,1294,2512,1018,116342,1
43.981173038482666,715,2307,1429,116535,1
44.021082401275635,828,2221,1780,116753,1
44.06105995178223,900,1472,1653,116986,1
44.10104250907898,967,339,1228,116796,1
44.14104628562927,1622,-1959,1767,115591,1
44.181116819381714,773,-5785,3046,113834,1
44.2211389541626,-1389,-1852,2965,113471,1
44.26109004020691,-1439,-840,3665,113370,1
44.30106544494629,1072,-1582,2890,113089,1
44.341039180755615,839,-916,1534,112848,1
44.38105845451355,464,-339,1323,112949,1
44.42103672027588,861,403,1507,113220,1
44.46103286743164,622,635,1610,113549,1
44.50103783607483,334,1205,1373,114081,1
44.54002261161804,298,848,1235,114524,1
44.58001470565796,82,882,1615,114110,1
44.62010049819946,-259,642,1738,113539,1
44.66003131866455,-632,152,1624,113418,1
44.70004367828369,-930,-202,1109,113592,1
44.740074634552,-1417,-406,928,113898,1
44.78006887435913,-1106,-909,801,114010,1
44.820069313049316,-2249,-1841,1304,113753,1
44.890491008758545,-1204,-1563,992,113548,1
44.900468587875366,-680,-1770,1117,113503,1
44.94008755683899,-706,-2060,1861,113584,1
44.98004961013794,-48,-3294,2144,113219,1
45.02013635635376,-754,-3011,2344,113007,2
45.0601589679718,-1456,-1396,2303,113026,2
45.100470781326294,-1494,-1015,1874,112767,2
45.14008331298828,-881,-1302,1752,112474,2
45.18006777763367,-234,-1693,1614,112232,2
45.22007727622986,534,-1600,1466,112303,2
45.260093450546265,460,-1497,1795,112759,2
45.30003595352173,479,-1400,2316,112792,2
45.339072942733765,-101,-1660,1404,112413,2
45.37905430793762,-463,-1761,952,112286,2
45.419559955596924,-563,-1826,1020,112223,2
45.459062814712524,-505,-1794,958,112200,2
45.49908661842346,-460,-1736,877,112247,2
45.539034605026245,-464,-1684,858,112355,2
45.57905101776123,-415,-1632,1152,112389,2
45.619078159332275,-361,-1650,1241,112056,2
45.65910720825195,-409,-1670,1077,111659,2
45.69907784461975,-454,-1652,1101,111449,2
45.73902153968811,-434,-1656,1098,111433,2
45.77910089492798,-465,-1691,1062,111475,2
45.819085359573364,-476,-1672,1041,111505,2
45.859090089797974,-454,-1684,1021,111519,2
45.89966416358948,-398,-1724,1025,111491,2
45.93908405303955,-381,-1731,1022,111489,2
45.97907090187073,-374,-1755,990,111517,2
46.01911544799805,-358,-1765,1005,111576,2
46.05911612510681,-301,-1786,975,111666,2
46.09835648536682,-247,-1804,952,111747,2
46.138087034225464,-244,-1784,983,111528,2
46.178101778030396,-357,-1730,1099,111130,2
46.21810984611511,-216,-1806,1000,110892,2
46.25808548927307,-255,-1813,1007,110882,2
46.29816389083862,-277,-1792,991,110980,2
46.33807015419006,-257,-1796,959,111111,2
46.378052711486816,-248,-1779,962,111181,2
46.41808295249939,-271,-1755,986,111187,2
46.458064794540405,-322,-1768,1001,111206,2
46.49834060668945,-312,-1767,1013,111220,2
46.53806972503662,-321,-1779,1016,111267,2
46.57806897163391,-341,-1768,997,111307,2
46.61808919906616,-346,-1751,1022,111349,2
46.658074378967285,-331,-1755,966,111177,2
46.698830127716064,-335,-1736,992,110741,2
46.738083600997925,-362,-1734,1024,110408,2
46.77808618545532,-342,-1750,994,110329,2
46.81808805465698,-340,-1764,1009,110452,2
46.85709309577942,-356,-1737,1028,110605,2
46.897090673446655,-360,-1729,1042,110700,2
46.93718671798706,-362,-1750,999,110698,2
46.97711730003357,-358,-1750,1003,110694,2
47.01719832420349,-337,-1741,1023,110736,2
47.05708646774292,-325,-1750,1010,110774,2
47.09711313247681,-323,-1770,1027,110837,2
47.13709878921509,-327,-1765,1026,110909,2
47.177082538604736,-348,-1759,1007,110779,2
47.21709752082825,-368,-1726,1017,110305,2
47.25711798667908,-362,-1733,1031,109935,2
47.297101974487305,-372,-1739,1003,109807,2
47.33709478378296,-373,-1760,1006,109896,2
47.37709283828735,-356,-1738,1027,110045,2
47.41714811325073,-339,-1744,1003,110110,2
47.457072496414185,-343,-1749,1028,110105,2
47.49707889556885,-359,-1741,1040,110111,2
47.53709554672241,-364,-1736,1020,110157,2
47.577144622802734,-370,-1733,1014,110234,2
47.61609411239624,-357,-1756,1028,110326,2
47.65609908103943,-359,-1746,1030,110409,2
47.69607973098755,-363,-1753,1008,110325,2
47.73609948158264,-318,-1728,1023,109907,2
47.776119232177734,-360,-1729,1032,109497,2
47.81606411933899,-364,-1747,1020,109363,2
47.856091260910034,-347,-1742,1030,109473,2
47.89609122276306,-340,-1738,1018,109667,2
47.93609428405762,-343,-1737,1023,109759,2
47.976096868515015,-354,-1747,1048,109752,2
48.01642465591431,-349,-1745,1030,109712,2
48.05609202384949,-355,-1733,1033,109686,2
48.09610843658447,-347,-1732,1030,109732,2
48.13611698150635,-358,-1741,1037,109787,2
48.17610764503479,-375,-1735,1021,109845,2
48.216095209121704,-358,-1743,1030,109799,2
48.25612688064575,-360,-1736,1027,109437,2
48.296141147613525,-375,-1736,1042,108950,2
48.335190534591675,-359,-1738,1034,108722,2
48.375109910964966,-359,-1739,1012,108819,2
48.415952920913696,-366,-1739,1045,109009,2
48.45512008666992,-364,-1731,1032,109132,2
48.49511694908142,-364,-1749,1038,109162,2
48.53519940376282,-353,-1746,1033,109094,2
48.57511377334595,-360,-1742,1032,109052,2
48.61544227600098,-357,-1746,1032,109037,2
48.65530204772949,-351,-1736,1026,109066,2
48.695127964019775,-338,-1741,1012,109130,2
48.73511838912964,-344,-1760,1030,109153,2
48.77512288093567,-333,-1723,1040,108848,2
48.815396547317505,-355,-1729,1045,108304,2
48.855114459991455,-356,-1740,1035,108036,2
48.895400047302246,-368,-1730,1022,108049,2
48.935242652893066,-349,-1744,1015,108205,2
48.97512483596802,-327,-1744,1011,108363,2
49.016066789627075,-318,-1758,1015,108384,2
49.05411672592163,-330,-1751,1030,108334,2
49.09411382675171,-353,-1745,1024,108323,2
49.13425922393799,-325,-1747,1034,108373,2
49.17412257194519,-312,-1745,1018,108445,2
49.214192390441895,-329,-1751,1010,108549,2
49.254106760025024,-331,-1747,1035,108624,2
49.294087409973145,-350,-1760,995,108420,2
49.33411478996277,-328,-1734,1016,107863,2
49.37407207489014,-326,-1749,1019,107462,2
49.414215087890625,-331,-1755,1021,107422,2
49.45440316200256,-331,-1754,1038,107592,2
49.49413275718689,-326,-1738,1018,107764,2
49.53419303894043,-318,-1753,1010,107770,2
49.57412338256836,-335,-1749,1018,107695,2
49.61417889595032,-352,-1754,1017,107634,2
49.65413188934326,-338,-1744,1030,107597,2
49.694161891937256,-323,-1745,1018,107648,2
49.73588228225708,-321,-1758,1020,107701,2
49.77411460876465,-343,-1753,1048,107762,2
49.81318640708923,-349,-1754,1022,107645,2
49.85316228866577,-357,-1731,1035,107100,2
49.89316701889038,-372,-1732,1049,106548,2
49.93312215805054,-330,-1742,1007,106402,2
49.973153829574585,-349,-1751,1022,106472,2
50.01312017440796,-330,-1752,1035,106568,2
50.05313062667847,-323,-1742,1020,106586,2
50.09315896034241,-328,-1754,1019,106442,2
50.133373975753784,-347,-1755,1028,106291,2
50.173097372055054,-341,-1741,1025,106211,2
50.21316599845886,-328,-1739,1030,106162,2
50.25311088562012,-320,-1750,1019,106089,2
50.293150186538696,-347,-1755,1021,106051,2
50.33312726020813,-333,-1764,1019,105937,2
50.373143911361694,-335,-1728,1023,105404,2
50.413127183914185,-341,-1739,1022,104813,2
50.453123331069946,-343,-1762,1014,104511,2
50.49314069747925,-345,-1752,1025,104520,2
50.5327033996582,-343,-1735,1029,104632,2
50.57230019569397,-330,-1735,1027,104636,2
50.61211633682251,-333,-1753,1016,104475,2
50.65212368965149,-350,-1749,1024,104292,2
50.692397356033325,-343,-1746,1024,104191,2
50.733062744140625,-340,-1742,1024,104176,2
50.77211284637451,-335,-1740,1023,104150,2
50.81210947036743,-347,-1745,1012,104153,2
50.85213494300842,-353,-1750,1035,104077,2
50.89220380783081,-334,-1740,1011,103687,2
50.933083295822144,-347,-1732,1021,103122,2
50.972214221954346,-358,-1748,1017,102850,2
51.01218843460083,-354,-1758,1015,102920,2
51.052290201187134,-339,-1747,1029,103079,2
51.09220099449158,-328,-1740,1035,103211,2
51.13232111930847,-321,-1754,1023,103166,2
51.17230486869812,-346,-1757,1009,103059,2
51.21213102340698,-351,-1751,1028,103031,2
51.25215983390808,-336,-1754,1017,103071,2
51.29211235046387,-321,-1747,1014,103128,2
51.33200550079346,-330,-1762,1009,103209,2
51.37112259864807,-346,-1761,1029,103255,2
51.41113305091858,-338,-1752,1014,103059,2
51.45111632347107,-326,-1733,1030,102467,2
51.491124868392944,-355,-1746,1019,102084,2
51.54813289642334,-329,-1754,1018,102129,2
51.57117509841919,-328,-1746,1023,102342,2
51.61111760139465,-351,-1738,1031,102561,2
51.65132021903992,-337,-1739,1025,102636,2
51.69113826751709,-340,-1742,1013,102563,2
51.73115634918213,-350,-1750,1023,102513,2
51.77115249633789,-336,-1746,1021,102523,2
51.81118965148926,-349,-1729,1018,102579,2
51.85116958618164,-338,-1753,1025,102642,2
51.89116621017456,-339,-1749,1021,102704,2
51.93128156661987,-359,-1752,1029,102704,2
51.971181869506836,-335,-1731,1020,102337,2
52.01116871833801,-340,-1738,1019,101895,2
52.05136775970459,-349,-1755,1025,101832,2
52.09025025367737,-344,-1753,1028,102101,2
52.1301167011261,-337,-1741,1025,102407,2
52.170875787734985,-333,-1753,1011,102590,2
52.210171699523926,-325,-1746,1020,102602,2
52.2501494884491,-353,-1749,1028,102585,2
52.29012608528137,-357,-1758,1023,102642,2
52.33015727996826,-345,-1741,1033,102718,2
52.37015628814697,-338,-1745,1014,102837,2
52.410167932510376,-330,-1755,1021,102933,2
52.45019483566284,-337,-1759,1031,103006,2
52.49017930030823,-331,-1755,1019,102894,2
52.530168771743774,-324,-1724,1020,102395,2
52.570138931274414,-341,-1753,1017,102081,2
52.610130310058594,-344,-1759,1020,102190,2
52.650341510772705,-340,-1747,1020,102481,2
52.690131187438965,-328,-1741,1027,102701,2
52.73017716407776,-323,-1752,1015,102791,2
52.770134687423706,-322,-1757,1018,102739,2
52.810141801834106,-330,-1765,1024,102710,2
52.849693059921265,-314,-1745,1022,102772,2
52.88915228843689,-312,-1742,996,102887,2
52.92946124076843,-317,-1754,1010,102966,2
52.96913003921509,-342,-1755,1005,103038,2
53.009150981903076,-339,-1769,1026,103101,2
53.04968309402466,-339,-1744,1011,102856,2
53.08917593955994,-328,-1740,1020,102353,2
53.12914323806763,-342,-1752,1020,102228,2
53.16919946670532,-346,-1760,1017,102422,2
53.20913910865784,-339,-1735,1033,102695,2
53.24932599067688,-308,-1735,1004,102890,2
53.28910994529724,-330,-1761,999,102875,2
53.329177141189575,-343,-1756,1015,102827,2
53.36916637420654,-337,-1752,1030,102790,2
53.40919494628906,-329,-1746,1012,102823,2
53.44992113113403,-333,-1748,1015,102894,2
53.489147663116455,-345,-1755,1012,102965,2
53.529168367385864,-344,-1760,1030,103061,2
53.56933641433716,-340,-1758,1008,103000,2
53.60918068885803,-346,-1727,1031,102519,2
53.64817547798157,-345,-1747,1013,102163,2
53.68822002410889,-335,-1766,1001,102213,2
53.728145360946655,-340,-1752,1026,102452,2
53.76819372177124,-331,-1750,1017,102703,2
53.808164834976196,-322,-1762,1021,102777,2
53.848384380340576,-319,-1757,1023,102724,2
53.88816261291504,-339,-1755,1015,102676,2
53.928178787231445,-335,-1753,1028,102687,2
53.96816086769104,-330,-1754,1015,102720,2
54.00817370414734,-337,-1745,1009,102774,2
54.048736333847046,-332,-1742,1020,102862,2
54.08815240859985,-335,-1764,1033,102877,2
54.12816500663757,-329,-1739,1019,102603,2
54.16815948486328,-315,-1726,1026,102033,2
54.20818734169006,-346,-1745,1018,101779,2
54.24860906600952,-348,-1755,1018,101916,2
54.28820610046387,-333,-1741,1030,102138,2
54.32821869850159,-341,-1745,1024,102314,2
54.36818337440491,-319,-1752,1026,102356,2
54.408201456069946,-320,-1750,1015,102300,2
54.447184801101685,-331,-1756,1023,102285,2
54.487366914749146,-340,-1740,1027,102319,2
54.5272741317749,-340,-1749,1016,102390,2
54.56715989112854,-324,-1752,1021,102456,2
54.60728478431702,-340,-1747,1017,102543,2
54.64717745780945,-347,-1752,1038,102524,2
54.68719244003296,-338,-1739,1024,102142,2
54.727256536483765,-357,-1733,1030,101661,2
54.767231941223145,-334,-1742,1026,101630,2
54.80719017982483,-356,-1742,1017,101863,2
54.84720325469971,-337,-1738,1029,102108,2
54.88722109794617,-334,-1740,1027,102242,2
54.92718720436096,-335,-1756,1021,102211,2
54.96762561798096,-349,-1750,1031,102130,2
55.007179498672485,-344,-1750,1024,102134,2
55.047417640686035,-330,-1749,1019,102195,2
55.0872163772583,-337,-1743,1018,102289,2
55.12725520133972,-342,-1765,1024,102412,2
55.16728401184082,-346,-1755,1031,102528,2
55.207191705703735,-350,-1754,1040,102532,2
55.24629044532776,-329,-1735,1021,102105,2
55.28624176979065,-354,-1732,1032,101777,2
55.32622051239014,-347,-1754,1011,101887,2
55.36676049232483,-362,-1736,1024,102173,2
55.406233072280884,-333,-1737,1031,102459,2
55.44623613357544,-329,-1739,1011,102567,2
55.48622274398804,-331,-1762,1021,102519,2
55.52625131607056,-349,-1751,1027,102496,2
55.56634187698364,-337,-1745,1026,102552,2
55.60620331764221,-332,-1736,1023,102624,2
55.646186113357544,-339,-1740,1013,102708,2
55.68619918823242,-355,-1744,1019,102821,2
55.72638702392578,-342,-1761,1028,102885,2
55.76632380485535,-337,-1730,1023,102727,2
55.80621099472046,-347,-1722,1020,102240,2
55.84617018699646,-347,-1748,1024,101989,2
55.88620376586914,-352,-1753,1028,102080,2
55.92620253562927,-347,-1742,1028,102364,2
55.966182708740234,-331,-1741,1020,102591,2
56.006213903427124,-330,-1753,1014,102648,2
56.04522943496704,-324,-1758,1019,102586,2
56.08548927307129,-336,-1741,1025,102543,2
56.12519812583923,-330,-1749,1024,102585,2
56.165350675582886,-328,-1743,1019,102645,2
56.20565366744995,-334,-1753,1020,102750,2
56.24517250061035,-345,-1749,1012,102843,2
56.28524351119995,-343,-1760,1030,102861,2
56.325194120407104,-332,-1720,1016,102522,2
56.36531114578247,-337,-1734,1025,102000,2
56.40518140792847,-360,-1739,1016,101823,2
56.445204973220825,-364,-1743,1018,101967,2
56.48523426055908,-327,-1745,1031,102277,2
56.52521252632141,-369,-1721,1003,102652,2
56.565964221954346,-323,-1772,997,103146,2
56.605223655700684,-318,-1775,1012,103936,2
56.64521050453186,-338,-1769,1014,104833,2
56.68540000915527,-313,-1781,1000,105957,2
56.725454568862915,-303,-1778,992,107187,2
56.765340089797974,-288,-1795,991,108117,2
56.80422043800354,-270,-1794,980,108837,2
56.844287395477295,-329,-1779,988,109073,2
56.884206771850586,-307,-1775,989,108632,2
56.92419457435608,-341,-1758,992,108273,2
56.964218854904175,-318,-1772,995,108267,2
57.004223346710205,-329,-1774,1018,108419,2
57.044203758239746,-333,-1748,1012,108410,2
57.08430790901184,-285,-1773,986,108228,2
57.12420988082886,-288,-1750,995,107923,2
57.16428184509277,-303,-1775,1011,107698,2
57.2042236328125,-345,-1755,1022,107580,2
57.24424386024475,-337,-1731,1054,107591,2
57.28429698944092,-322,-1735,1036,107613,2
57.324275970458984,-383,-1700,1048,107704,2
57.36420726776123,-357,-1741,1050,107839,2
57.40425705909729,-342,-1737,1021,107887,2
57.44422888755798,-360,-1705,1074,107652,2
57.484224796295166,-323,-1741,1026,107794,2
57.524229764938354,-285,-1747,1016,108244,2
57.56426525115967,-261,-1746,997,108733,2
57.60330677032471,-324,-1742,1038,109100,2
57.64322900772095,-315,-1724,1041,109214,2
57.68343806266785,-331,-1733,1019,109119,2
57.72323393821716,-355,-1732,1041,109009,2
57.76321268081665,-361,-1738,1063,108959,2
57.803303718566895,-338,-1721,1063,108958,2
57.84322547912598,-350,-1723,1056,108876,2
57.88336229324341,-350,-1731,1047,108818,2
57.92333221435547,-371,-1747,1072,108584,2
57.9633367061615,-334,-1712,1031,107939,2
58.00326442718506,-331,-1711,1056,107331,2
58.04325795173645,-338,-1747,1046,107155,2
58.08350706100464,-378,-1731,1065,107155,2
58.12323617935181,-386,-1710,1062,107259,2
58.163217544555664,-346,-1716,1037,107289,2
58.20344376564026,-304,-1729,1024,107172,2
58.24323391914368,-300,-1748,1041,107038,2
58.28344702720642,-347,-1729,1074,106890,2
58.3232147693634,-393,-1722,1089,106813,2
58.36220979690552,-369,-1727,1045,106776,2
58.40224647521973,-393,-1694,1015,106851,2
58.442222356796265,-388,-1722,1088,106804,2
58.48284935951233,-347,-1727,1057,106432,2
58.56348752975464,-327,-1725,1030,105798,2
58.56445527076721,-397,-1715,1079,105413,2
58.60227370262146,-396,-1717,1065,105393,2
58.642268657684326,-363,-1723,1048,105526,2
58.6827187538147,-351,-1725,1058,105633,2
58.722267627716064,-362,-1715,1064,105589,2
58.762391805648804,-358,-1718,1059,105421,2
58.802393674850464,-366,-1723,1047,105264,2
58.84230875968933,-369,-1727,1055,105174,2
58.88261532783508,-382,-1709,1058,105165,2
58.92220377922058,-394,-1717,1072,105099,2
58.962215423583984,-379,-1734,1075,105038,2
59.002440452575684,-364,-1736,1054,104820,2
59.042211294174194,-342,-1706,1067,104088,2
59.08123564720154,-379,-1713,1055,103569,2
59.12133002281189,-385,-1718,1051,103544,2
59.16128182411194,-388,-1709,1060,103700,2
59.20147442817688,-405,-1705,1069,103859,2
59.241227865219116,-371,-1710,1049,103920,2
59.28125762939453,-350,-1722,1047,103855,2
59.3212833404541,-384,-1729,1068,103731,2
59.36122679710388,-420,-1731,1091,103656,2
59.401267766952515,-357,-1723,1055,103668,2
59.441211223602295,-357,-1723,1043,103672,2
59.48122453689575,-379,-1744,1054,103656,2
59.52124381065369,-372,-1739,1076,103544,2
59.561254262924194,-327,-1724,1019,103078,2
59.60119700431824,-358,-1736,1024,102522,2
59.64125323295593,-377,-1739,1031,102383,2
59.681384801864624,-361,-1737,1034,102536,2
59.72121238708496,-377,-1734,1066,102671,2
59.76126432418823,-377,-1736,1054,102775,2
59.801295042037964,-327,-1730,1037,102762,2
59.84025263786316,-349,-1743,1054,102690,2
59.880231857299805,-349,-1740,1049,102676,2
59.92046403884888,-346,-1736,1027,102737,2
59.96024250984192,-359,-1728,1042,102813,2
60.00047063827515,-366,-1728,1041,102901,2
60.0402467250824,-369,-1750,1053,102931,2
60.08022928237915,-352,-1730,1036,102572,2
60.12025475502014,-324,-1717,1045,102090,2
60.16022181510925,-370,-1721,1035,101956,2
60.20070195198059,-377,-1738,1061,102087,2
60.24023771286011,-381,-1745,1075,102261,2
60.280251264572144,-319,-1733,1045,102415,2
60.32021927833557,-323,-1719,1042,102455,2
60.36022901535034,-359,-1726,1027,102415,2
60.400343894958496,-369,-1727,1042,102376,2
60.44021677970886,-338,-1727,1050,102390,2
60.48021101951599,-344,-1739,1029,102429,2
60.52022743225098,-310,-1737,1036,102506,2
60.560232639312744,-338,-1750,1044,102561,2
60.60044288635254,-328,-1751,1031,102430,2
60.63923525810242,-310,-1728,1040,101924,2
60.6792266368866,-339,-1750,1031,101650,2
60.71922326087952,-332,-1754,1028,101801,2
60.75924849510193,-325,-1749,1040,102051,2
60.79940438270569,-302,-1747,1026,102275,2
60.839218854904175,-296,-1745,1030,102370,2
60.87926888465881,-331,-1739,1021,102363,2
60.919259786605835,-352,-1745,1039,102413,2
60.959253549575806,-346,-1741,1015,102524,2
61.00008702278137,-353,-1740,1043,102683,2
61.03923010826111,-342,-1750,1042,102813,2
61.0792338848114,-336,-1744,1040,102942,2
61.119237422943115,-314,-1759,1041,102936,2
61.159239053726196,-324,-1730,1016,102596,2
61.20024538040161,-345,-1725,1034,102173,2
61.2393798828125,-340,-1741,1027,102160,2
61.27925968170166,-345,-1741,1030,102474,2
61.319292068481445,-331,-1729,1039,102725,2
61.359230041503906,-316,-1733,1022,102866,2
61.398255586624146,-337,-1750,1029,102861,2
61.43823003768921,-339,-1749,1046,102827,2
61.47827196121216,-317,-1742,1030,102846,2
61.51825213432312,-322,-1735,1029,102899,2
61.55824327468872,-332,-1730,1033,103021,2
61.598357915878296,-348,-1739,1007,103188,2
61.63825058937073,-327,-1753,1052,103359,2
61.67825508117676,-354,-1746,1047,103350,2
61.718266010284424,-315,-1718,1038,102954,2
61.758251667022705,-326,-1742,1007,102787,2
61.798481702804565,-356,-1740,1037,102976,2
61.83824849128723,-347,-1740,1043,103254,2
61.87824749946594,-338,-1728,1047,103459,2
61.91828465461731,-321,-1741,1019,103541,2
61.95826292037964,-308,-1752,1020,103478,2
61.99822926521301,-347,-1751,1039,103413,2
62.03825545310974,-346,-1744,1043,103463,2
62.078253507614136,-307,-1730,1030,103564,2
62.118237018585205,-344,-1734,1027,103654,2
62.15723919868469,-346,-1744,1039,103754,2
62.19722557067871,-327,-1752,1028,103675,2
62.23724865913391,-329,-1718,1033,103185,2
62.27725338935852,-359,-1735,1036,102754,2
62.31723403930664,-357,-1747,1047,102806,2
62.35727667808533,-334,-1731,1054,103036,2
62.39724373817444,-345,-1744,1041,103235,2
62.43722724914551,-339,-1726,1023,103377,2
62.477264404296875,-337,-1743,1032,103359,2
62.51723265647888,-362,-1737,1044,103286,2
62.55724811553955,-344,-1739,1030,103274,2
62.597267150878906,-343,-1735,1035,103313,2
62.63727068901062,-338,-1742,1041,103355,2
62.6772665977478,-349,-1727,1045,103415,2
62.717336654663086,-340,-1754,1061,103440,2
62.75724172592163,-344,-1730,1035,103105,2
62.79728102684021,-337,-1719,1044,102572,2
62.8372745513916,-354,-1736,1040,102398,2
62.87726140022278,-348,-1741,1041,102566,2
62.917240858078,-348,-1725,1040,102762,2
62.95642423629761,-341,-1728,1033,102930,2
62.99635601043701,-322,-1735,1036,102959,2
63.03623819351196,-338,-1738,1045,102903,2
63.07625722885132,-344,-1745,1039,102885,2
63.116469621658325,-337,-1741,1037,102934,2
63.15625214576721,-330,-1738,1039,103011,2
63.19633102416992,-338,-1740,1016,103047,2
63.23625040054321,-347,-1737,1054,103118,2
63.27625799179077,-362,-1748,1046,103001,2
63.31626653671265,-324,-1718,1032,102518,2
63.35627627372742,-342,-1721,1047,102121,2
63.39632296562195,-366,-1739,1029,102130,2
63.436280965805054,-337,-1735,1041,102311,2
63.47631359100342,-366,-1725,1034,102534,2
63.516260623931885,-333,-1724,1032,102670,2
63.55627799034119,-340,-1743,1026,102656,2
63.596224546432495,-356,-1742,1057,102624,2
63.636250257492065,-357,-1734,1050,102645,2
63.67626142501831,-344,-1732,1054,102721,2
63.71626567840576,-343,-1744,1040,102845,2
63.75522756576538,-341,-1728,1033,102944,2
63.7952823638916,-355,-1746,1054,102984,2
63.83527731895447,-366,-1734,1029,102772,2
63.87526750564575,-354,-1713,1062,102272,2
63.91560673713684,-360,-1728,1035,102099,2
63.95523929595947,-352,-1744,1041,102241,2
63.99526238441467,-349,-1727,1065,102480,2
64.03531122207642,-339,-1731,1036,102741,2
64.07524347305298,-345,-1729,1053,102857,2
64.11537170410156,-358,-1736,1042,102889,2
64.15526628494263,-350,-1723,1047,102883,2
64.19524145126343,-358,-1721,1070,102949,2
64.23527145385742,-333,-1727,1034,103023,2
64.27526307106018,-327,-1736,1040,103093,2
64.31585907936096,-360,-1729,1038,103182,2
64.35524725914001,-352,-1738,1052,103161,2
64.39525771141052,-339,-1726,1032,102825,2
64.4352798461914,-349,-1714,1055,102387,2
64.4752550125122,-356,-1739,1043,102311,2
64.51425576210022,-335,-1750,1028,102542,2
64.55428504943848,-339,-1731,1058,102850,2
64.59435939788818,-360,-1722,1053,103053,2
64.63425970077515,-336,-1740,1027,103093,2
64.67498731613159,-326,-1749,1049,103082,2
64.71436953544617,-345,-1737,1062,103081,2
64.7542793750763,-330,-1733,1049,103141,2
64.79437112808228,-337,-1725,1031,103190,2
64.83433413505554,-350,-1733,1034,103327,2
64.87428283691406,-334,-1751,1051,103409,2
64.91428446769714,-329,-1743,1038,103402,2
64.95429253578186,-342,-1710,1059,102946,2
64.99430179595947,-364,-1726,1038,102530,2
65.03444528579712,-348,-1743,1039,102507,2
65.0742723941803,-343,-1733,1054,102708,2
65.11435413360596,-348,-1730,1039,102920,2
65.17136669158936,-330,-1727,1049,103012,2
65.19427490234375,-328,-1743,1036,103021,2
65.23423504829407,-330,-1735,1051,102939,2
65.27429699897766,-357,-1734,1055,102896,2
65.31333708763123,-350,-1740,1028,102932,2
65.35328388214111,-336,-1738,1061,103029,2
65.39329934120178,-336,-1730,1045,103150,2
65.43329453468323,-337,-1737,1049,103239,2
65.47327947616577,-352,-1729,1042,102989,2
65.51328539848328,-336,-1718,1048,102502,2
65.55324792861938,-343,-1733,1040,102313,2
65.59325766563416,-374,-1729,1061,102422,2
65.63341879844666,-351,-1729,1058,102642,2
65.67327117919922,-318,-1733,1022,102836,2
65.71327304840088,-309,-1752,1045,102886,2
65.75329351425171,-314,-1747,1043,102839,2
65.79375290870667,-359,-1723,1049,102814,2
65.83355212211609,-364,-1728,1056,102823,2
65.8732807636261,-334,-1731,1030,102854,2
65.91326427459717,-329,-1737,1046,102887,2
65.95343661308289,-342,-1734,1063,102939,2
65.99333643913269,-350,-1738,1041,102875,2
66.03330779075623,-333,-1717,1046,102395,2
66.07327961921692,-355,-1719,1047,102006,2
66.11226320266724,-352,-1733,1044,101997,2
66.15233087539673,-339,-1727,1042,102215,2
66.19230890274048,-331,-1732,1053,102449,2
66.2324481010437,-330,-1739,1045,102578,2
66.2723433971405,-318,-1744,1048,102570,2
66.31225800514221,-343,-1740,1050,102522,2
66.35231328010559,-326,-1730,1049,102505,2
66.39251852035522,-340,-1729,1047,102547,2
66.43270373344421,-341,-1741,1068,102608,2
66.47230696678162,-338,-1732,1044,102634,2
66.51233863830566,-337,-1743,1055,102654,2
66.5522882938385,-322,-1731,1051,102335,2
66.59287619590759,-333,-1718,1043,101829,2
66.63314914703369,-368,-1719,1046,101630,2
66.67229628562927,-367,-1736,1047,101786,2
66.71231412887573,-324,-1739,1054,102038,2
66.75230860710144,-331,-1718,1046,102224,2
66.7923219203949,-321,-1732,1054,102276,2
66.83260989189148,-336,-1735,1060,102227,2
66.87229299545288,-348,-1726,1044,102201,2
66.91131401062012,-339,-1719,1054,102220,2
66.9514651298523,-332,-1728,1051,102278,2
66.9913010597229,-346,-1723,1057,102352,2
67.03138160705566,-343,-1725,1071,102399,2
67.07176518440247,-328,-1738,1041,102296,2
67.11136293411255,-337,-1714,1054,101794,2
67.1513090133667,-359,-1722,1044,101536,2
67.19128036499023,-355,-1740,1033,101694,2
67.23138952255249,-349,-1723,1070,101991,2
67.27148199081421,-328,-1725,1054,102244,2
67.31128287315369,-313,-1741,1037,102395,2
67.35132336616516,-326,-1740,1055,102387,2
67.39133596420288,-359,-1742,1058,102362,2
67.4313576221466,-338,-1737,1059,102372,2
67.47131371498108,-323,-1728,1035,102438,2
67.51135444641113,-331,-1736,1050,102453,2
67.55128979682922,-331,-1744,1044,102521,2
67.59128475189209,-345,-1741,1056,102562,2
67.6312906742096,-324,-1726,1030,102218,2
67.67130398750305,-352,-1711,1041,101833,2
67.71030902862549,-347,-1744,1045,101825,2
67.75026774406433,-344,-1741,1041,102060,2
67.7911684513092,-319,-1734,1046,102307,2
67.83030819892883,-316,-1736,1043,102444,2
67.87032270431519,-332,-1749,1030,102441,2
67.91031622886658,-341,-1731,1051,102374,2
67.9504292011261,-340,-1739,1063,102368,2
67.99031805992126,-330,-1726,1032,102418,2
68.03161978721619,-336,-1736,1043,102512,2
68.07029175758362,-366,-1726,1041,102627,2
68.11030626296997,-334,-1747,1057,102657,2
68.15029406547546,-338,-1724,1039,102364,2
68.19032144546509,-354,-1717,1051,101794,2
68.23033595085144,-343,-1739,1028,101534,2
68.27030777931213,-324,-1757,1047,101499,2
68.31033110618591,-325,-1728,1069,101540,2
68.35037875175476,-260,-1739,1017,101399,2
68.39029431343079,-345,-1739,1019,101203,2
68.43031549453735,-340,-1735,1075,101037,2
68.46932482719421,-360,-1740,1040,100995,2
68.50929808616638,-344,-1722,1051,101019,2
68.5501639842987,-333,-1720,1032,101122,2
68.58928918838501,-353,-1728,1031,101267,2
68.62929487228394,-337,-1757,1072,101458,2
68.66934466362,-341,-1732,1030,101509,2
68.7092957496643,-340,-1721,1042,101194,2
68.74954104423523,-348,-1733,1041,101114,2
68.78930807113647,-324,-1739,1047,101350,2
68.82931852340698,-343,-1745,1057,101624,2
68.86937308311462,-334,-1738,1032,101903,2
68.90933132171631,-317,-1736,1037,102098,2
68.94970107078552,-335,-1739,1051,102207,2
68.98932266235352,-354,-1743,1041,102222,2
69.02935266494751,-324,-1733,1037,102311,2
69.06930303573608,-322,-1739,1023,102426,2
69.10931634902954,-321,-1751,1019,102537,2
69.14946913719177,-340,-1751,1060,102593,2
69.18930625915527,-346,-1742,1035,102414,2
69.22932982444763,-332,-1724,1036,101827,2
69.26834726333618,-335,-1737,1038,101471,2
69.30831027030945,-318,-1753,1032,101554,2
69.34840512275696,-334,-1730,1046,101774,2
69.38834738731384,-349,-1730,1049,101921,2
69.42915368080139,-329,-1737,1025,101952,2
69.46836066246033,-315,-1739,1043,101871,2
69.50831723213196,-327,-1753,1030,101804,2
69.54978394508362,-328,-1734,1041,101885,2
69.58831262588501,-324,-1735,1018,101966,2
69.62832427024841,-323,-1751,1035,102072,2
69.66834664344788,-337,-1736,1045,102109,2
69.70926022529602,-343,-1740,1034,101942,2
69.74842524528503,-326,-1740,1032,101339,2
69.7893214225769,-337,-1727,1051,100975,2
69.82833528518677,-315,-1741,1046,101064,2
69.8683910369873,-323,-1744,1041,101290,2
69.90832424163818,-310,-1744,1038,101466,2
69.94841074943542,-325,-1737,1028,101516,2
69.98838520050049,-314,-1743,1034,101466,2
70.02833104133606,-316,-1746,1043,101393,2
70.06762504577637,-309,-1740,1045,101380,2
70.10734152793884,-302,-1741,1040,101428,2
70.14731335639954,-323,-1744,1037,101487,2
70.1873197555542,-339,-1747,1051,101540,2
70.2273485660553,-341,-1748,1050,101415,2
70.26730704307556,-316,-1716,1050,100865,2
70.30732226371765,-331,-1733,1039,100506,2
70.34732007980347,-318,-1742,1020,100702,2
70.38731694221497,-322,-1736,1064,100946,2
70.42731547355652,-349,-1727,1056,101091,2
70.4674015045166,-318,-1744,1029,101078,2
70.507328748703,-280,-1744,1032,100967,2
70.54733633995056,-305,-1742,1039,100842,2
70.587562084198,-328,-1742,1048,100829,2
70.62732148170471,-325,-1729,1047,100903,2
70.66742062568665,-320,-1746,1050,100971,2
70.70730948448181,-319,-1739,1035,101048,2
70.74729108810425,-305,-1748,1053,101006,2
70.78734993934631,-330,-1720,1046,100554,2
70.82631278038025,-331,-1729,1044,100191,2
70.86660981178284,-334,-1731,1046,100310,2
70.90637278556824,-341,-1731,1052,100587,2
70.94633603096008,-320,-1734,1037,100817,2
70.98632264137268,-318,-1736,1033,100928,2
71.02634000778198,-303,-1747,1043,100901,2
71.06647872924805,-286,-1750,1046,100891,2
71.10633897781372,-312,-1746,1051,100936,2
71.1465253829956,-313,-1742,1042,101040,2
71.18651366233826,-312,-1745,1046,101116,2
71.2264506816864,-311,-1743,1041,101205,2
71.26715850830078,-320,-1754,1041,101175,2
71.30656290054321,-289,-1737,1031,100751,2
71.3463499546051,-256,-1723,1032,100168,2
71.38632893562317,-312,-1738,1050,100076,2
71.42632722854614,-320,-1736,1045,100290,2
71.46677088737488,-325,-1728,1043,100517,2
71.50637197494507,-338,-1719,1065,100660,2
71.54651927947998,-335,-1720,1041,100633,2
71.58542370796204,-309,-1738,1049,100534,2
71.62533974647522,-323,-1733,1054,100511,2
71.66536021232605,-314,-1728,1050,100574,2
71.70551753044128,-318,-1724,1050,100652,2
71.74563384056091,-351,-1729,1043,100741,2
71.7853353023529,-337,-1738,1052,100791,2
71.82534575462341,-334,-1725,1048,100609,2
71.86532711982727,-330,-1713,1059,100097,2
71.90531277656555,-331,-1731,1039,99877,2
71.94532918930054,-341,-1738,1045,100057,2
72.01069569587708,-330,-1738,1050,100289,2
72.02534627914429,-349,-1720,1060,100453,2
72.0655403137207,-347,-1731,1043,100424,2
72.10541987419128,-327,-1729,1038,100332,2
72.14553689956665,-346,-1738,1061,100328,2
72.18538856506348,-360,-1726,1059,100368,2
72.22562956809998,-335,-1712,1040,100471,2
72.26617169380188,-351,-1720,1049,100573,2
72.30532741546631,-363,-1732,1065,100660,2
72.34565544128418,-363,-1740,1064,100547,2
72.38435459136963,-347,-1711,1064,100045,2
72.42430782318115,-355,-1707,1045,99781,2
72.46432995796204,-368,-1722,1034,99926,2
72.50452375411987,-376,-1713,1051,100158,2
72.5443217754364,-362,-1712,1062,100359,2
72.5843346118927,-352,-1717,1055,100418,2
72.62435388565063,-349,-1723,1040,100348,2
72.66436672210693,-359,-1726,1074,100314,2
72.70435643196106,-362,-1719,1053,100328,2
72.74431943893433,-352,-1711,1057,100360,2
72.78433918952942,-353,-1722,1058,100415,2
72.8243556022644,-345,-1727,1036,100477,2
72.86436176300049,-354,-1740,1069,100379,2
72.90433692932129,-342,-1716,1032,99992,2
72.94437646865845,-329,-1710,1058,99568,2
72.98434495925903,-368,-1740,1050,99571,2
73.02440285682678,-343,-1733,1053,99828,2
73.06435322761536,-336,-1718,1071,100058,2
73.104336977005,-363,-1724,1055,100165,2
73.14334177970886,-337,-1731,1044,100136,2
73.18342542648315,-350,-1729,1042,100100,2
73.22335195541382,-344,-1722,1054,100131,2
73.26333785057068,-350,-1726,1057,100220,2
73.30353260040283,-363,-1714,1052,100352,2
73.3433358669281,-355,-1713,1043,100471,2
73.38331341743469,-358,-1731,1060,100539,2
73.42340564727783,-341,-1729,1050,100341,2
73.46333694458008,-357,-1710,1067,99857,2
73.50332474708557,-375,-1720,1048,99745,2
73.54335951805115,-359,-1717,1056,99989,2
73.5833625793457,-355,-1713,1073,100275,2
73.6233479976654,-372,-1708,1050,100446,2
73.66335201263428,-343,-1717,1073,100502,2
73.70339941978455,-364,-1717,1048,100468,2
73.74335718154907,-369,-1721,1066,100456,2
73.78374671936035,-338,-1720,1063,100523,2
73.82336115837097,-349,-1716,1050,100673,2
73.86337876319885,-348,-1723,1056,100788,2
73.90240216255188,-358,-1721,1062,100901,2
73.94235587120056,-368,-1727,1069,100873,2
73.9825291633606,-349,-1697,1051,100457,2
74.02235126495361,-350,-1710,1056,100125,2
74.06235980987549,-356,-1736,1052,100241,2
74.10238432884216,-335,-1723,1048,100541,2
74.14234113693237,-337,-1715,1055,100807,2
74.1825578212738,-352,-1713,1061,100927,2
74.2223424911499,-340,-1734,1047,100850,2
74.26255369186401,-343,-1735,1056,100750,2
74.30237317085266,-318,-1735,1051,100751,2
74.34233498573303,-327,-1726,1043,100847,2
74.38247203826904,-363,-1736,1037,100891,2
74.4223735332489,-390,-1723,1048,100932,2
74.46237325668335,-354,-1735,1054,100989,2
74.50233674049377,-340,-1707,1048,100657,2
74.54305410385132,-338,-1706,1076,100175,2
74.58260345458984,-368,-1734,1041,100089,2
74.62236309051514,-365,-1724,1053,100303,2
74.66234946250916,-359,-1713,1063,100567,2
74.70148801803589,-345,-1722,1044,100717,2
74.74136590957642,-334,-1738,1046,100702,2
74.78135371208191,-331,-1741,1067,100639,2
74.82136964797974,-350,-1727,1068,100626,2
74.86133933067322,-338,-1724,1062,100684,2
74.90150451660156,-355,-1723,1038,100774,2
74.94137048721313,-345,-1720,1054,100848,2
74.98145794868469,-346,-1732,1068,100903,2
75.0213794708252,-362,-1725,1050,100706,2
75.06138372421265,-338,-1691,1064,100172,2
75.10152292251587,-361,-1719,1065,99912,2
75.14136672019958,-341,-1725,1056,100072,2
75.18133807182312,-325,-1720,1055,100288,2
75.22146892547607,-337,-1721,1068,100481,2
75.26137518882751,-350,-1719,1052,100548,2
75.30151104927063,-347,-1719,1061,100431,2
75.34136533737183,-355,-1725,1067,100364,2
75.38135647773743,-335,-1723,1056,100386,2
75.42152643203735,-333,-1714,1059,100470,2
75.46048712730408,-338,-1733,1072,100539,2
75.50145077705383,-347,-1727,1066,100599,2
75.54047155380249,-350,-1724,1063,100562,2
75.58040189743042,-342,-1708,1058,100078,2
75.6205096244812,-370,-1705,1071,99697,2
75.6605269908905,-342,-1740,1057,99794,2
75.70071792602539,-338,-1720,1071,100087,2
75.74060916900635,-357,-1718,1074,100307,2
75.78049278259277,-348,-1719,1073,100390,2
75.820383310318,-316,-1729,1041,100366,2
75.86054754257202,-333,-1722,1064,100323,2
75.90063095092773,-358,-1704,1072,100350,2
75.9405574798584,-346,-1715,1066,100423,2
75.98037528991699,-348,-1719,1073,100499,2
76.02036142349243,-343,-1713,1069,100582,2
76.06044149398804,-331,-1729,1066,100646,2
76.10037398338318,-348,-1716,1067,100361,2
76.14034628868103,-355,-1710,1062,99907,2
76.18037128448486,-345,-1724,1063,99874,2
76.22035694122314,-348,-1718,1063,100135,2
76.25939607620239,-345,-1720,1084,100411,2
76.29976105690002,-326,-1727,1062,100587,2
76.33936405181885,-312,-1729,1055,100595,2
76.37939095497131,-323,-1735,1070,100521,2
76.41936254501343,-342,-1728,1062,100550,2
76.4593653678894,-329,-1716,1073,100622,2
76.49972748756409,-320,-1728,1053,100688,2
76.5393762588501,-338,-1719,1062,100810,2
76.57939100265503,-336,-1729,1076,100891,2
76.61953544616699,-329,-1723,1053,100737,2
76.65939521789551,-327,-1704,1061,100222,2
76.69964981079102,-336,-1725,1060,100018,2
76.73953986167908,-345,-1735,1051,100183,2
76.77936935424805,-338,-1721,1065,100456,2
76.82025265693665,-339,-1717,1057,100684,2
76.85951972007751,-308,-1724,1051,100719,2
76.8999593257904,-336,-1737,1051,100652,2
76.9393880367279,-325,-1726,1067,100615,2
76.97939491271973,-333,-1712,1061,100672,2
77.0184338092804,-356,-1723,1062,100735,2
77.05838704109192,-339,-1726,1055,100833,2
77.09844899177551,-327,-1730,1075,100954,2
77.1383843421936,-330,-1725,1061,100919,2
77.17928767204285,-322,-1696,1068,100463,2
77.21840023994446,-353,-1708,1049,100133,2
77.25842499732971,-358,-1723,1063,100236,2
77.29836177825928,-341,-1707,1071,100505,2
77.338387966156,-362,-1708,1079,100733,2
77.37858986854553,-343,-1713,1067,100824,2
77.41847920417786,-329,-1723,1052,100788,2
77.45839476585388,-344,-1717,1078,100734,2
77.4986162185669,-344,-1723,1064,100752,2
77.5386745929718,-331,-1712,1055,100808,2
77.5783634185791,-335,-1732,1072,100900,2
77.61838150024414,-351,-1731,1078,100935,2
77.6583878993988,-360,-1727,1067,100921,2
77.69845342636108,-341,-1704,1063,100499,2
77.73850893974304,-355,-1709,1060,100121,2
77.77752900123596,-364,-1725,1060,100197,2
77.81745839118958,-345,-1723,1066,100488,2
77.85753655433655,-351,-1714,1073,100742,2
77.89756798744202,-348,-1710,1064,100871,2
77.93754076957703,-336,-1725,1053,100871,2
77.9774124622345,-356,-1721,1082,100816,2
78.0174822807312,-357,-1726,1062,100817,2
78.05755138397217,-341,-1723,1057,100915,2
78.09752798080444,-340,-1718,1068,101023,2
78.13737773895264,-357,-1711,1056,101097,2
78.17753911018372,-352,-1721,1085,101131,2
78.21757960319519,-358,-1709,1067,100773,2
78.2573881149292,-354,-1708,1074,100261,2
78.29740238189697,-349,-1718,1063,100181,2
78.33741545677185,-359,-1718,1059,100417,2
78.37753033638,-358,-1714,1078,100634,2
78.4175295829773,-354,-1717,1054,100776,2
78.45765542984009,-331,-1721,1056,100751,2
78.49739503860474,-348,-1722,1065,100668,2
78.53753304481506,-340,-1719,1074,100655,2
78.57666325569153,-351,-1714,1071,100672,2
78.6168143749237,-344,-1714,1059,100736,2
78.6762170791626,-348,-1718,1063,100807,2
78.69657015800476,-349,-1721,1076,100849,2
78.73649716377258,-344,-1720,1060,100640,2
78.77651977539062,-339,-1704,1070,100038,2
78.81639909744263,-363,-1718,1058,99800,2
78.85652613639832,-349,-1730,1049,99990,2
78.89654469490051,-355,-1721,1061,100253,2
78.93640112876892,-337,-1721,1057,100415,2
78.97646021842957,-330,-1724,1060,100431,2
79.01687741279602,-333,-1723,1070,100327,2
79.05651307106018,-347,-1726,1060,100291,2
79.09658074378967,-349,-1719,1068,100340,2
79.13640546798706,-351,-1713,1053,100448,2
79.17675971984863,-344,-1724,1070,100556,2
79.21676111221313,-341,-1728,1066,100649,2
79.25640535354614,-339,-1736,1060,100661,2
79.29654932022095,-341,-1701,1057,100263,2
79.33595371246338,-358,-1719,1062,99884,2
79.37544274330139,-351,-1731,1062,99975,2
79.41544914245605,-332,-1727,1056,100255,2
79.45540380477905,-327,-1721,1062,100493,2
79.49539113044739,-339,-1723,1044,100618,2
79.53563618659973,-323,-1729,1052,100597,2
79.57565116882324,-341,-1729,1067,100536,2
79.6157591342926,-342,-1734,1053,100572,2
79.6554102897644,-327,-1727,1055,100666,2
79.69539713859558,-327,-1727,1049,100758,2
79.73552465438843,-343,-1727,1045,100877,2
79.77549529075623,-341,-1737,1079,100988,2
79.81595754623413,-341,-1728,1048,100808,2
79.85541200637817,-327,-1704,1057,100294,2
79.89548873901367,-333,-1733,1035,100174,2
79.93552374839783,-323,-1731,1046,100372,2
79.975426197052,-322,-1716,1060,100641,2
80.01574158668518,-336,-1724,1051,100821,2
80.05570483207703,-311,-1716,1055,100833,2
80.09549474716187,-320,-1740,1046,100767,2
80.13464093208313,-337,-1722,1071,100758,2
80.17440700531006,-322,-1712,1051,100827,2
80.21452617645264,-325,-1719,1045,100941,2
80.25470304489136,-337,-1727,1060,101063,2
80.29495668411255,-343,-1716,1065,101163,2
80.33452725410461,-335,-1722,1067,101114,2
80.3744957447052,-338,-1715,1069,100600,2
80.41456317901611,-351,-1730,1055,100307,2
80.45439767837524,-333,-1724,1044,100451,2
80.4945068359375,-309,-1722,1045,100716,2
80.53453278541565,-322,-1723,1049,100917,2
80.57446670532227,-338,-1729,1057,100968,2
80.61453199386597,-323,-1733,1065,100874,2
80.65443420410156,-340,-1735,1061,100818,2
80.69439816474915,-314,-1726,1059,100830,2
80.73474740982056,-320,-1719,1057,100889,2
80.77500987052917,-332,-1733,1067,100983,2
80.81453251838684,-334,-1720,1062,101067,2
80.8545286655426,-348,-1725,1066,101089,2
80.89439296722412,-322,-1703,1055,100615,2
80.93413758277893,-328,-1719,1048,100179,2
80.97350525856018,-355,-1731,1064,100263,2
81.0134916305542,-317,-1727,1060,100560,2
81.05352234840393,-322,-1716,1072,100785,2
81.09352493286133,-330,-1721,1051,100888,2
81.13360977172852,-317,-1742,1066,100853,2
81.17352533340454,-329,-1727,1080,100789,2
81.21342015266418,-327,-1715,1072,100800,2
81.2535285949707,-323,-1714,1056,100858,2
81.29359030723572,-332,-1721,1060,100913,2
81.33405232429504,-344,-1725,1056,100966,2
81.37342858314514,-329,-1714,1078,100977,2
81.4134407043457,-326,-1717,1047,100611,2
81.4534215927124,-340,-1706,1079,100031,2
81.49349927902222,-355,-1712,1070,99997,2
81.53368401527405,-318,-1733,1057,100216,2
81.57348895072937,-334,-1735,1066,100421,2
81.61349630355835,-330,-1724,1063,100518,2
81.65341210365295,-300,-1724,1064,100473,2
81.69349122047424,-323,-1717,1057,100395,2
81.73250389099121,-334,-1723,1067,100416,2
81.77243161201477,-336,-1721,1068,100497,2
81.81251859664917,-336,-1709,1069,100589,2
81.85252594947815,-334,-1717,1073,100665,2
81.89251708984375,-360,-1718,1082,100717,2
81.93275713920593,-329,-1725,1055,100622,2
81.97251152992249,-337,-1705,1066,100155,2
82.01250696182251,-348,-1714,1062,99942,2
82.0528872013092,-331,-1724,1059,100132,2
82.09250116348267,-334,-1730,1080,100402,2
82.1326653957367,-344,-1721,1069,100549,2
82.17250633239746,-316,-1724,1062,100526,2
82.21254420280457,-335,-1726,1061,100423,2
82.25250625610352,-338,-1722,1078,100383,2
82.29250168800354,-339,-1718,1065,100445,2
82.33266568183899,-333,-1705,1064,100549,2
82.37252378463745,-340,-1740,1068,100637,2
82.41250443458557,-349,-1720,1061,100727,2
82.45250725746155,-346,-1720,1074,100783,2
82.49252676963806,-330,-1697,1071,100438,2
82.53272080421448,-343,-1716,1063,100157,2
82.5717089176178,-354,-1722,1061,100321,2
82.61151313781738,-327,-1720,1078,100635,2
82.65187430381775,-332,-1723,1063,100874,2
82.69151210784912,-312,-1728,1065,100952,2
82.73154211044312,-318,-1734,1067,100908,2
82.77151894569397,-325,-1723,1071,100883,2
82.81149697303772,-326,-1714,1078,100931,2
82.851567029953,-336,-1718,1071,101053,2
82.89149904251099,-326,-1711,1079,101149,2
82.93149280548096,-336,-1725,1056,101234,2
82.97152853012085,-332,-1732,1081,101310,2
83.01147389411926,-333,-1709,1067,101040,2
83.05159211158752,-331,-1705,1072,100541,2
83.09149217605591,-334,-1720,1072,100479,2
83.13155269622803,-330,-1719,1064,100736,2
83.17147326469421,-323,-1724,1071,100987,2
83.21154499053955,-324,-1718,1056,101099,2
83.25157570838928,-308,-1735,1058,101063,2
83.29150176048279,-324,-1726,1075,100987,2
83.33147978782654,-333,-1718,1077,101011,2
83.37058734893799,-301,-1716,1054,101093,2
83.41050839424133,-319,-1717,1056,101207,2
83.4506151676178,-342,-1730,1063,101300,2
83.49051237106323,-321,-1740,1079,101359,2
83.53053569793701,-322,-1722,1058,101227,2
83.57049655914307,-315,-1711,1070,100704,2
83.61050295829773,-337,-1719,1060,100594,2
83.65049743652344,-351,-1724,1082,100838,2
83.69050574302673,-315,-1724,1073,101119,2
83.73049306869507,-330,-1715,1073,101274,2
83.7705078125,-323,-1729,1061,101258,2
83.81050658226013,-321,-1730,1076,101166,2
83.85050225257874,-345,-1725,1084,101137,2
83.8905291557312,-323,-1732,1077,101184,2
83.93051481246948,-321,-1715,1055,101248,2
83.97051525115967,-321,-1739,1047,101297,2
84.01048493385315,-324,-1739,1078,101359,2
84.05056476593018,-330,-1728,1057,101305,2
84.09048628807068,-288,-1714,1066,100818,2
84.13050770759583,-318,-1729,1067,100588,2
84.16952610015869,-308,-1740,1059,100781,2
84.20947694778442,-284,-1730,1075,101012,2
84.24969506263733,-283,-1725,1078,101210,2
84.28952980041504,-310,-1729,1065,101251,2
84.32951402664185,-302,-1734,1060,101214,2
84.36948919296265,-312,-1726,1072,101174,2
84.40951466560364,-308,-1727,1077,101211,2
84.45043420791626,-308,-1702,1069,101312,2
84.48950576782227,-315,-1732,1066,101380,2
84.52949213981628,-326,-1717,1060,101424,2
84.56949043273926,-333,-1725,1093,101431,2
84.60953378677368,-311,-1715,1076,101082,2
84.65001440048218,-323,-1699,1080,100597,2
84.68949437141418,-338,-1720,1068,100567,2
84.72948431968689,-310,-1729,1081,100800,2
84.76970434188843,-329,-1721,1090,101007,2
84.80947136878967,-296,-1713,1073,101063,2
84.84965944290161,-307,-1721,1055,101026,2
84.8895173072815,-313,-1737,1062,100944,2
84.92950916290283,-312,-1720,1076,100964,2
84.96950507164001,-299,-1737,1070,101023,2
85.00851082801819,-306,-1724,1077,101086,2
85.0485155582428,-296,-1738,1070,101161,2
85.08850264549255,-297,-1728,1062,101225,2
85.12853860855103,-312,-1726,1052,101154,2
85.16971468925476,-302,-1713,1042,100662,2
85.20851063728333,-342,-1713,1076,100356,2
85.24864673614502,-340,-1717,1077,100517,2
85.28851747512817,-313,-1715,1070,100794,2
85.32852411270142,-322,-1718,1060,100990,2
85.36857771873474,-324,-1711,1059,101044,2
85.40852499008179,-330,-1718,1072,100982,2
85.44896817207336,-340,-1717,1076,100928,2
85.48849201202393,-336,-1715,1058,100956,2
85.5294463634491,-332,-1727,1071,101007,2
85.56853175163269,-320,-1719,1073,101070,2
85.60850667953491,-300,-1730,1074,101131,2
85.64862442016602,-310,-1735,1079,101187,2
85.68852066993713,-335,-1730,1065,101116,2
85.72850966453552,-332,-1704,1074,100644,2
85.76849603652954,-356,-1711,1064,100386,2
85.8075008392334,-343,-1724,1065,100558,2
85.84750509262085,-318,-1723,1104,100807,2
85.88754725456238,-328,-1721,1087,101023,2
85.95112872123718,-302,-1714,1066,101105,2
85.96749639511108,-325,-1727,1076,101072,2
86.00751996040344,-342,-1726,1069,101082,2
86.04753303527832,-338,-1717,1082,101134,2
86.08748531341553,-334,-1708,1071,101231,2
86.12747716903687,-323,-1710,1065,101331,2
86.16752743721008,-323,-1721,1082,101421,2
86.20752215385437,-328,-1727,1094,101513,2
86.24751472473145,-329,-1724,1075,101467,2
86.28749823570251,-341,-1687,1084,100991,2
86.32748341560364,-361,-1709,1063,100692,2
86.36751222610474,-343,-1717,1078,100852,2
86.40750217437744,-341,-1715,1084,101135,2
86.44753241539001,-332,-1714,1077,101375,2
86.48751091957092,-320,-1698,1073,101460,2
86.52746653556824,-332,-1725,1070,101414,2
86.56762623786926,-344,-1714,1086,101340,2
86.60749530792236,-329,-1715,1079,101382,2
86.6465311050415,-332,-1721,1074,101465,2
86.68657803535461,-332,-1715,1073,101543,2
86.72651624679565,-353,-1706,1082,101628,2
86.76657843589783,-351,-1728,1101,101679,2
86.80651903152466,-355,-1704,1070,101583,2
86.84651494026184,-344,-1699,1087,101060,2
86.88651156425476,-345,-1715,1077,100790,2
86.92652153968811,-337,-1724,1080,100936,2
86.96652054786682,-327,-1714,1081,101205,2
87.0065233707428,-332,-1718,1067,101381,2
87.04651713371277,-336,-1712,1073,101435,2
87.08651518821716,-335,-1720,1079,101370,2
87.1266360282898,-355,-1714,1089,101300,2
87.1674542427063,-333,-1701,1079,101328,2
87.20649933815002,-333,-1711,1071,101382,2
87.24652051925659,-343,-1720,1073,101456,2
87.28659844398499,-354,-1711,1066,101519,2
87.32660412788391,-351,-1719,1085,101561,2
87.36677289009094,-329,-1708,1067,101355,2
87.40662240982056,-331,-1700,1081,100807,2
87.44556903839111,-350,-1725,1068,100636,2
87.48560881614685,-322,-1720,1084,100859,2
87.52560591697693,-326,-1721,1076,101125,2
87.56555891036987,-337,-1708,1067,101295,2
87.60561203956604,-323,-1721,1071,101324,2
87.64561033248901,-340,-1723,1083,101267,2
87.68557333946228,-344,-1716,1075,101252,2
87.72559523582458,-336,-1707,1086,101289,2
87.76576662063599,-335,-1705,1076,101382,2
87.80556273460388,-336,-1716,1077,101454,2
87.84558081626892,-342,-1711,1073,101526,2
87.88563442230225,-336,-1728,1082,101554,2
87.92555737495422,-320,-1706,1077,101235,2
87.96668028831482,-339,-1702,1075,100651,2
88.00557851791382,-334,-1718,1076,100539,2
88.04558825492859,-313,-1724,1078,100764,2
88.08556580543518,-332,-1718,1081,100971,2
88.1255419254303,-319,-1715,1065,101123,2
88.16558146476746,-327,-1721,1077,101130,2
88.2055675983429,-337,-1725,1081,101059,2
88.24556684494019,-332,-1728,1076,101038,2
88.28477191925049,-324,-1712,1082,101078,2
88.32458281517029,-334,-1715,1078,101134,2
88.36466073989868,-321,-1722,1072,101202,2
88.40460205078125,-338,-1716,1070,101259,2
88.44457840919495,-340,-1723,1088,101273,2
88.48459029197693,-322,-1708,1062,100912,2
88.52458000183105,-354,-1712,1069,100386,2
88.56458139419556,-339,-1716,1081,100354,2
88.60458421707153,-314,-1728,1065,100603,2
88.64457941055298,-342,-1720,1089,100852,2
88.68456768989563,-323,-1715,1070,100976,2
88.72457313537598,-323,-1721,1070,100947,2
88.76458644866943,-338,-1718,1092,100853,2
88.80455422401428,-332,-1721,1073,100809,2
88.84458088874817,-322,-1718,1085,100848,2
88.88468718528748,-328,-1714,1074,100924,2
88.92458438873291,-325,-1721,1075,100973,2
88.96457886695862,-345,-1712,1075,101015,2
89.0045862197876,-336,-1741,1077,101051,2
89.04459619522095,-319,-1699,1066,100698,2
89.08359432220459,-351,-1700,1077,100217,2
89.12357449531555,-335,-1727,1068,100222,2
89.16355967521667,-331,-1726,1076,100495,2
89.20355343818665,-336,-1720,1084,100751,2
89.24353575706482,-330,-1719,1063,100893,2
89.28358268737793,-330,-1722,1069,100898,2
89.32357406616211,-333,-1721,1085,100829,2
89.36356472969055,-337,-1717,1088,100832,2
89.40361499786377,-332,-1714,1082,100919,2
89.44357776641846,-331,-1710,1071,101036,2
89.48358702659607,-324,-1717,1080,101124,2
89.523606300354,-345,-1709,1069,101219,2
89.56389999389648,-332,-1732,1077,101271,2
89.60357618331909,-326,-1705,1070,100940,2
89.64359331130981,-330,-1714,1086,100455,2
89.68419909477234,-343,-1724,1074,100391,2
89.72355890274048,-314,-1729,1066,100650,2
89.76354908943176,-324,-1725,1073,100941,2
89.80356764793396,-328,-1716,1077,101109,2
89.84356045722961,-319,-1728,1068,101146,2
89.88354992866516,-330,-1716,1091,101071,2
89.92257785797119,-326,-1726,1069,101050,2
89.96256899833679,-318,-1705,1078,101111,2
